instance_path,meta_scale,meta_scenario,meta_seed,meta_n_orders,time_limit_s,ship_window,storage,staff_factor,run_status,run_error,run_elapsed_s,status,objective,horizon_days,num_units,num_operations
medium/baseline/I001,medium,baseline,1060,20,300,0,5,0.8,ok,,5.958548,INFEASIBLE,,60,66,264
medium/baseline/I001,medium,baseline,1060,20,300,0,5,1.0,ok,,5.870037,INFEASIBLE,,60,66,264
medium/baseline/I001,medium,baseline,1060,20,300,0,5,1.2,ok,,5.888476,INFEASIBLE,,60,66,264
medium/baseline/I001,medium,baseline,1060,20,300,0,10,0.8,ok,,5.91348,INFEASIBLE,,60,66,264
medium/baseline/I001,medium,baseline,1060,20,300,0,10,1.0,ok,,5.894198,INFEASIBLE,,60,66,264
medium/baseline/I001,medium,baseline,1060,20,300,0,10,1.2,ok,,5.853701,INFEASIBLE,,60,66,264
medium/baseline/I001,medium,baseline,1060,20,300,0,20,0.8,ok,,5.82869,INFEASIBLE,,60,66,264
medium/baseline/I001,medium,baseline,1060,20,300,0,20,1.0,ok,,5.860623,INFEASIBLE,,60,66,264
medium/baseline/I001,medium,baseline,1060,20,300,0,20,1.2,ok,,5.833324,INFEASIBLE,,60,66,264
medium/baseline/I001,medium,baseline,1060,20,300,0,50,0.8,ok,,5.851858,INFEASIBLE,,60,66,264
medium/baseline/I001,medium,baseline,1060,20,300,0,50,1.0,ok,,5.85964,INFEASIBLE,,60,66,264
medium/baseline/I001,medium,baseline,1060,20,300,0,50,1.2,ok,,5.853343,INFEASIBLE,,60,66,264
medium/baseline/I001,medium,baseline,1060,20,300,2,5,0.8,ok,,5.972859,INFEASIBLE,,60,66,264
medium/baseline/I001,medium,baseline,1060,20,300,2,5,1.0,ok,,5.968436,INFEASIBLE,,60,66,264
medium/baseline/I001,medium,baseline,1060,20,300,2,5,1.2,ok,,5.98949,INFEASIBLE,,60,66,264
medium/baseline/I001,medium,baseline,1060,20,300,2,10,0.8,ok,,5.980064,INFEASIBLE,,60,66,264
medium/baseline/I001,medium,baseline,1060,20,300,2,10,1.0,ok,,5.946469,INFEASIBLE,,60,66,264
medium/baseline/I001,medium,baseline,1060,20,300,2,10,1.2,ok,,5.97876,INFEASIBLE,,60,66,264
medium/baseline/I001,medium,baseline,1060,20,300,2,20,0.8,ok,,5.977943,INFEASIBLE,,60,66,264
medium/baseline/I001,medium,baseline,1060,20,300,2,20,1.0,ok,,5.941874,INFEASIBLE,,60,66,264
medium/baseline/I001,medium,baseline,1060,20,300,2,20,1.2,ok,,5.981754,INFEASIBLE,,60,66,264
medium/baseline/I001,medium,baseline,1060,20,300,2,50,0.8,ok,,6.010065,INFEASIBLE,,60,66,264
medium/baseline/I001,medium,baseline,1060,20,300,2,50,1.0,ok,,6.031364,INFEASIBLE,,60,66,264
medium/baseline/I001,medium,baseline,1060,20,300,2,50,1.2,ok,,5.985253,INFEASIBLE,,60,66,264
medium/baseline/I001,medium,baseline,1060,20,300,5,5,0.8,ok,,6.009549,INFEASIBLE,,60,66,264
medium/baseline/I001,medium,baseline,1060,20,300,5,5,1.0,ok,,6.006953,INFEASIBLE,,60,66,264
medium/baseline/I001,medium,baseline,1060,20,300,5,5,1.2,ok,,5.986128,INFEASIBLE,,60,66,264
medium/baseline/I001,medium,baseline,1060,20,300,5,10,0.8,ok,,5.987391,INFEASIBLE,,60,66,264
medium/baseline/I001,medium,baseline,1060,20,300,5,10,1.0,ok,,6.000399,INFEASIBLE,,60,66,264
medium/baseline/I001,medium,baseline,1060,20,300,5,10,1.2,ok,,5.960582,INFEASIBLE,,60,66,264
medium/baseline/I001,medium,baseline,1060,20,300,5,20,0.8,ok,,5.97329,INFEASIBLE,,60,66,264
medium/baseline/I001,medium,baseline,1060,20,300,5,20,1.0,ok,,5.97528,INFEASIBLE,,60,66,264
medium/baseline/I001,medium,baseline,1060,20,300,5,20,1.2,ok,,5.990809,INFEASIBLE,,60,66,264
medium/baseline/I001,medium,baseline,1060,20,300,5,50,0.8,ok,,5.95337,INFEASIBLE,,60,66,264
medium/baseline/I001,medium,baseline,1060,20,300,5,50,1.0,ok,,5.99767,INFEASIBLE,,60,66,264
medium/baseline/I001,medium,baseline,1060,20,300,5,50,1.2,ok,,5.963125,INFEASIBLE,,60,66,264
medium/baseline/I002,medium,baseline,1061,20,300,0,5,0.8,ok,,6.574369,INFEASIBLE,,60,71,284
medium/baseline/I002,medium,baseline,1061,20,300,0,5,1.0,ok,,6.547814,INFEASIBLE,,60,71,284
medium/baseline/I002,medium,baseline,1061,20,300,0,5,1.2,ok,,6.52064,INFEASIBLE,,60,71,284
medium/baseline/I002,medium,baseline,1061,20,300,0,10,0.8,ok,,6.567788,INFEASIBLE,,60,71,284
medium/baseline/I002,medium,baseline,1061,20,300,0,10,1.0,ok,,6.587955,INFEASIBLE,,60,71,284
medium/baseline/I002,medium,baseline,1061,20,300,0,10,1.2,ok,,6.527513,INFEASIBLE,,60,71,284
medium/baseline/I002,medium,baseline,1061,20,300,0,20,0.8,ok,,6.557372,INFEASIBLE,,60,71,284
medium/baseline/I002,medium,baseline,1061,20,300,0,20,1.0,ok,,6.611538,INFEASIBLE,,60,71,284
medium/baseline/I002,medium,baseline,1061,20,300,0,20,1.2,ok,,6.620138,INFEASIBLE,,60,71,284
medium/baseline/I002,medium,baseline,1061,20,300,0,50,0.8,ok,,6.584543,INFEASIBLE,,60,71,284
medium/baseline/I002,medium,baseline,1061,20,300,0,50,1.0,ok,,6.607894,INFEASIBLE,,60,71,284
medium/baseline/I002,medium,baseline,1061,20,300,0,50,1.2,ok,,6.566426,INFEASIBLE,,60,71,284
medium/baseline/I002,medium,baseline,1061,20,300,2,5,0.8,ok,,6.731335,INFEASIBLE,,60,71,284
medium/baseline/I002,medium,baseline,1061,20,300,2,5,1.0,ok,,6.751083,INFEASIBLE,,60,71,284
medium/baseline/I002,medium,baseline,1061,20,300,2,5,1.2,ok,,6.68735,INFEASIBLE,,60,71,284
medium/baseline/I002,medium,baseline,1061,20,300,2,10,0.8,ok,,6.69588,INFEASIBLE,,60,71,284
medium/baseline/I002,medium,baseline,1061,20,300,2,10,1.0,ok,,6.683723,INFEASIBLE,,60,71,284
medium/baseline/I002,medium,baseline,1061,20,300,2,10,1.2,ok,,6.678938,INFEASIBLE,,60,71,284
medium/baseline/I002,medium,baseline,1061,20,300,2,20,0.8,ok,,6.6838,INFEASIBLE,,60,71,284
medium/baseline/I002,medium,baseline,1061,20,300,2,20,1.0,ok,,6.685067,INFEASIBLE,,60,71,284
medium/baseline/I002,medium,baseline,1061,20,300,2,20,1.2,ok,,6.670496,INFEASIBLE,,60,71,284
medium/baseline/I002,medium,baseline,1061,20,300,2,50,0.8,ok,,6.697483,INFEASIBLE,,60,71,284
medium/baseline/I002,medium,baseline,1061,20,300,2,50,1.0,ok,,6.71615,INFEASIBLE,,60,71,284
medium/baseline/I002,medium,baseline,1061,20,300,2,50,1.2,ok,,6.688728,INFEASIBLE,,60,71,284
medium/baseline/I002,medium,baseline,1061,20,300,5,5,0.8,ok,,6.700359,INFEASIBLE,,60,71,284
medium/baseline/I002,medium,baseline,1061,20,300,5,5,1.0,ok,,6.708326,INFEASIBLE,,60,71,284
medium/baseline/I002,medium,baseline,1061,20,300,5,5,1.2,ok,,6.656108,INFEASIBLE,,60,71,284
medium/baseline/I002,medium,baseline,1061,20,300,5,10,0.8,ok,,6.655091,INFEASIBLE,,60,71,284
medium/baseline/I002,medium,baseline,1061,20,300,5,10,1.0,ok,,6.772421,INFEASIBLE,,60,71,284
medium/baseline/I002,medium,baseline,1061,20,300,5,10,1.2,ok,,6.675373,INFEASIBLE,,60,71,284
medium/baseline/I002,medium,baseline,1061,20,300,5,20,0.8,ok,,6.671117,INFEASIBLE,,60,71,284
medium/baseline/I002,medium,baseline,1061,20,300,5,20,1.0,ok,,6.675002,INFEASIBLE,,60,71,284
medium/baseline/I002,medium,baseline,1061,20,300,5,20,1.2,ok,,6.689623,INFEASIBLE,,60,71,284
medium/baseline/I002,medium,baseline,1061,20,300,5,50,0.8,ok,,6.705908,INFEASIBLE,,60,71,284
medium/baseline/I002,medium,baseline,1061,20,300,5,50,1.0,ok,,6.685372,INFEASIBLE,,60,71,284
medium/baseline/I002,medium,baseline,1061,20,300,5,50,1.2,ok,,6.761937,INFEASIBLE,,60,71,284
medium/baseline/I003,medium,baseline,1062,20,300,0,5,0.8,ok,,5.082039,INFEASIBLE,,58,60,240
medium/baseline/I003,medium,baseline,1062,20,300,0,5,1.0,ok,,5.041206,INFEASIBLE,,58,60,240
medium/baseline/I003,medium,baseline,1062,20,300,0,5,1.2,ok,,5.010304,INFEASIBLE,,58,60,240
medium/baseline/I003,medium,baseline,1062,20,300,0,10,0.8,ok,,5.048725,INFEASIBLE,,58,60,240
medium/baseline/I003,medium,baseline,1062,20,300,0,10,1.0,ok,,5.016226,INFEASIBLE,,58,60,240
medium/baseline/I003,medium,baseline,1062,20,300,0,10,1.2,ok,,5.05363,INFEASIBLE,,58,60,240
medium/baseline/I003,medium,baseline,1062,20,300,0,20,0.8,ok,,4.979064,INFEASIBLE,,58,60,240
medium/baseline/I003,medium,baseline,1062,20,300,0,20,1.0,ok,,5.038676,INFEASIBLE,,58,60,240
medium/baseline/I003,medium,baseline,1062,20,300,0,20,1.2,ok,,5.077108,INFEASIBLE,,58,60,240
medium/baseline/I003,medium,baseline,1062,20,300,0,50,0.8,ok,,5.023661,INFEASIBLE,,58,60,240
medium/baseline/I003,medium,baseline,1062,20,300,0,50,1.0,ok,,5.050155,INFEASIBLE,,58,60,240
medium/baseline/I003,medium,baseline,1062,20,300,0,50,1.2,ok,,5.193317,INFEASIBLE,,58,60,240
medium/baseline/I003,medium,baseline,1062,20,300,2,5,0.8,ok,,5.343197,INFEASIBLE,,58,60,240
medium/baseline/I003,medium,baseline,1062,20,300,2,5,1.0,ok,,5.351774,INFEASIBLE,,58,60,240
medium/baseline/I003,medium,baseline,1062,20,300,2,5,1.2,ok,,5.310842,INFEASIBLE,,58,60,240
medium/baseline/I003,medium,baseline,1062,20,300,2,10,0.8,ok,,5.327838,INFEASIBLE,,58,60,240
medium/baseline/I003,medium,baseline,1062,20,300,2,10,1.0,ok,,5.293425,INFEASIBLE,,58,60,240
medium/baseline/I003,medium,baseline,1062,20,300,2,10,1.2,ok,,5.126331,INFEASIBLE,,58,60,240
medium/baseline/I003,medium,baseline,1062,20,300,2,20,0.8,ok,,5.113412,INFEASIBLE,,58,60,240
medium/baseline/I003,medium,baseline,1062,20,300,2,20,1.0,ok,,5.157036,INFEASIBLE,,58,60,240
medium/baseline/I003,medium,baseline,1062,20,300,2,20,1.2,ok,,5.127249,INFEASIBLE,,58,60,240
medium/baseline/I003,medium,baseline,1062,20,300,2,50,0.8,ok,,5.099274,INFEASIBLE,,58,60,240
medium/baseline/I003,medium,baseline,1062,20,300,2,50,1.0,ok,,5.145002,INFEASIBLE,,58,60,240
medium/baseline/I003,medium,baseline,1062,20,300,2,50,1.2,ok,,5.159639,INFEASIBLE,,58,60,240
medium/baseline/I003,medium,baseline,1062,20,300,5,5,0.8,ok,,5.143695,INFEASIBLE,,58,60,240
medium/baseline/I003,medium,baseline,1062,20,300,5,5,1.0,ok,,5.12849,INFEASIBLE,,58,60,240
medium/baseline/I003,medium,baseline,1062,20,300,5,5,1.2,ok,,5.182023,INFEASIBLE,,58,60,240
medium/baseline/I003,medium,baseline,1062,20,300,5,10,0.8,ok,,5.091377,INFEASIBLE,,58,60,240
medium/baseline/I003,medium,baseline,1062,20,300,5,10,1.0,ok,,5.101435,INFEASIBLE,,58,60,240
medium/baseline/I003,medium,baseline,1062,20,300,5,10,1.2,ok,,5.15327,INFEASIBLE,,58,60,240
medium/baseline/I003,medium,baseline,1062,20,300,5,20,0.8,ok,,5.111312,INFEASIBLE,,58,60,240
medium/baseline/I003,medium,baseline,1062,20,300,5,20,1.0,ok,,5.142294,INFEASIBLE,,58,60,240
medium/baseline/I003,medium,baseline,1062,20,300,5,20,1.2,ok,,5.148818,INFEASIBLE,,58,60,240
medium/baseline/I003,medium,baseline,1062,20,300,5,50,0.8,ok,,5.092108,INFEASIBLE,,58,60,240
medium/baseline/I003,medium,baseline,1062,20,300,5,50,1.0,ok,,5.178507,INFEASIBLE,,58,60,240
medium/baseline/I003,medium,baseline,1062,20,300,5,50,1.2,ok,,5.104669,INFEASIBLE,,58,60,240
medium/baseline/I004,medium,baseline,1063,20,300,0,5,0.8,ok,,5.908493,INFEASIBLE,,58,67,268
medium/baseline/I004,medium,baseline,1063,20,300,0,5,1.0,ok,,5.897943,INFEASIBLE,,58,67,268
medium/baseline/I004,medium,baseline,1063,20,300,0,5,1.2,ok,,5.861382,INFEASIBLE,,58,67,268
medium/baseline/I004,medium,baseline,1063,20,300,0,10,0.8,ok,,5.927368,INFEASIBLE,,58,67,268
medium/baseline/I004,medium,baseline,1063,20,300,0,10,1.0,ok,,5.848161,INFEASIBLE,,58,67,268
medium/baseline/I004,medium,baseline,1063,20,300,0,10,1.2,ok,,5.881343,INFEASIBLE,,58,67,268
medium/baseline/I004,medium,baseline,1063,20,300,0,20,0.8,ok,,5.906236,INFEASIBLE,,58,67,268
medium/baseline/I004,medium,baseline,1063,20,300,0,20,1.0,ok,,5.871073,INFEASIBLE,,58,67,268
medium/baseline/I004,medium,baseline,1063,20,300,0,20,1.2,ok,,5.879287,INFEASIBLE,,58,67,268
medium/baseline/I004,medium,baseline,1063,20,300,0,50,0.8,ok,,5.895414,INFEASIBLE,,58,67,268
medium/baseline/I004,medium,baseline,1063,20,300,0,50,1.0,ok,,5.871791,INFEASIBLE,,58,67,268
medium/baseline/I004,medium,baseline,1063,20,300,0,50,1.2,ok,,5.90846,INFEASIBLE,,58,67,268
medium/baseline/I004,medium,baseline,1063,20,300,2,5,0.8,ok,,6.018566,INFEASIBLE,,58,67,268
medium/baseline/I004,medium,baseline,1063,20,300,2,5,1.0,ok,,6.013991,INFEASIBLE,,58,67,268
medium/baseline/I004,medium,baseline,1063,20,300,2,5,1.2,ok,,5.970771,INFEASIBLE,,58,67,268
medium/baseline/I004,medium,baseline,1063,20,300,2,10,0.8,ok,,6.027822,INFEASIBLE,,58,67,268
medium/baseline/I004,medium,baseline,1063,20,300,2,10,1.0,ok,,6.004719,INFEASIBLE,,58,67,268
medium/baseline/I004,medium,baseline,1063,20,300,2,10,1.2,ok,,6.004769,INFEASIBLE,,58,67,268
medium/baseline/I004,medium,baseline,1063,20,300,2,20,0.8,ok,,6.021809,INFEASIBLE,,58,67,268
medium/baseline/I004,medium,baseline,1063,20,300,2,20,1.0,ok,,5.996444,INFEASIBLE,,58,67,268
medium/baseline/I004,medium,baseline,1063,20,300,2,20,1.2,ok,,5.983436,INFEASIBLE,,58,67,268
medium/baseline/I004,medium,baseline,1063,20,300,2,50,0.8,ok,,6.043498,INFEASIBLE,,58,67,268
medium/baseline/I004,medium,baseline,1063,20,300,2,50,1.0,ok,,5.973219,INFEASIBLE,,58,67,268
medium/baseline/I004,medium,baseline,1063,20,300,2,50,1.2,ok,,6.007583,INFEASIBLE,,58,67,268
medium/baseline/I004,medium,baseline,1063,20,300,5,5,0.8,ok,,6.014687,INFEASIBLE,,58,67,268
medium/baseline/I004,medium,baseline,1063,20,300,5,5,1.0,ok,,6.126764,INFEASIBLE,,58,67,268
medium/baseline/I004,medium,baseline,1063,20,300,5,5,1.2,ok,,5.982482,INFEASIBLE,,58,67,268
medium/baseline/I004,medium,baseline,1063,20,300,5,10,0.8,ok,,5.953979,INFEASIBLE,,58,67,268
medium/baseline/I004,medium,baseline,1063,20,300,5,10,1.0,ok,,5.971576,INFEASIBLE,,58,67,268
medium/baseline/I004,medium,baseline,1063,20,300,5,10,1.2,ok,,5.952584,INFEASIBLE,,58,67,268
medium/baseline/I004,medium,baseline,1063,20,300,5,20,0.8,ok,,6.012354,INFEASIBLE,,58,67,268
medium/baseline/I004,medium,baseline,1063,20,300,5,20,1.0,ok,,5.965023,INFEASIBLE,,58,67,268
medium/baseline/I004,medium,baseline,1063,20,300,5,20,1.2,ok,,5.972635,INFEASIBLE,,58,67,268
medium/baseline/I004,medium,baseline,1063,20,300,5,50,0.8,ok,,6.222592,INFEASIBLE,,58,67,268
medium/baseline/I004,medium,baseline,1063,20,300,5,50,1.0,ok,,6.211681,INFEASIBLE,,58,67,268
medium/baseline/I004,medium,baseline,1063,20,300,5,50,1.2,ok,,6.186189,INFEASIBLE,,58,67,268
medium/baseline/I005,medium,baseline,1064,20,300,0,5,0.8,ok,,5.195796,INFEASIBLE,,58,60,240
medium/baseline/I005,medium,baseline,1064,20,300,0,5,1.0,ok,,5.226482,INFEASIBLE,,58,60,240
medium/baseline/I005,medium,baseline,1064,20,300,0,5,1.2,ok,,5.168718,INFEASIBLE,,58,60,240
medium/baseline/I005,medium,baseline,1064,20,300,0,10,0.8,ok,,5.194858,INFEASIBLE,,58,60,240
medium/baseline/I005,medium,baseline,1064,20,300,0,10,1.0,ok,,5.206427,INFEASIBLE,,58,60,240
medium/baseline/I005,medium,baseline,1064,20,300,0,10,1.2,ok,,5.185442,INFEASIBLE,,58,60,240
medium/baseline/I005,medium,baseline,1064,20,300,0,20,0.8,ok,,5.217559,INFEASIBLE,,58,60,240
medium/baseline/I005,medium,baseline,1064,20,300,0,20,1.0,ok,,5.171865,INFEASIBLE,,58,60,240
medium/baseline/I005,medium,baseline,1064,20,300,0,20,1.2,ok,,5.248739,INFEASIBLE,,58,60,240
medium/baseline/I005,medium,baseline,1064,20,300,0,50,0.8,ok,,5.194481,INFEASIBLE,,58,60,240
medium/baseline/I005,medium,baseline,1064,20,300,0,50,1.0,ok,,5.065282,INFEASIBLE,,58,60,240
medium/baseline/I005,medium,baseline,1064,20,300,0,50,1.2,ok,,5.011518,INFEASIBLE,,58,60,240
medium/baseline/I005,medium,baseline,1064,20,300,2,5,0.8,ok,,5.129157,INFEASIBLE,,58,60,240
medium/baseline/I005,medium,baseline,1064,20,300,2,5,1.0,ok,,5.119378,INFEASIBLE,,58,60,240
medium/baseline/I005,medium,baseline,1064,20,300,2,5,1.2,ok,,5.093127,INFEASIBLE,,58,60,240
medium/baseline/I005,medium,baseline,1064,20,300,2,10,0.8,ok,,5.152349,INFEASIBLE,,58,60,240
medium/baseline/I005,medium,baseline,1064,20,300,2,10,1.0,ok,,5.091282,INFEASIBLE,,58,60,240
medium/baseline/I005,medium,baseline,1064,20,300,2,10,1.2,ok,,5.135029,INFEASIBLE,,58,60,240
medium/baseline/I005,medium,baseline,1064,20,300,2,20,0.8,ok,,5.099597,INFEASIBLE,,58,60,240
medium/baseline/I005,medium,baseline,1064,20,300,2,20,1.0,ok,,5.102056,INFEASIBLE,,58,60,240
medium/baseline/I005,medium,baseline,1064,20,300,2,20,1.2,ok,,5.149266,INFEASIBLE,,58,60,240
medium/baseline/I005,medium,baseline,1064,20,300,2,50,0.8,ok,,5.075617,INFEASIBLE,,58,60,240
medium/baseline/I005,medium,baseline,1064,20,300,2,50,1.0,ok,,5.140752,INFEASIBLE,,58,60,240
medium/baseline/I005,medium,baseline,1064,20,300,2,50,1.2,ok,,5.088373,INFEASIBLE,,58,60,240
medium/baseline/I005,medium,baseline,1064,20,300,5,5,0.8,ok,,5.111015,INFEASIBLE,,58,60,240
medium/baseline/I005,medium,baseline,1064,20,300,5,5,1.0,ok,,5.157169,INFEASIBLE,,58,60,240
medium/baseline/I005,medium,baseline,1064,20,300,5,5,1.2,ok,,5.10307,INFEASIBLE,,58,60,240
medium/baseline/I005,medium,baseline,1064,20,300,5,10,0.8,ok,,5.124891,INFEASIBLE,,58,60,240
medium/baseline/I005,medium,baseline,1064,20,300,5,10,1.0,ok,,5.070078,INFEASIBLE,,58,60,240
medium/baseline/I005,medium,baseline,1064,20,300,5,10,1.2,ok,,5.126386,INFEASIBLE,,58,60,240
medium/baseline/I005,medium,baseline,1064,20,300,5,20,0.8,ok,,5.080252,INFEASIBLE,,58,60,240
medium/baseline/I005,medium,baseline,1064,20,300,5,20,1.0,ok,,5.128544,INFEASIBLE,,58,60,240
medium/baseline/I005,medium,baseline,1064,20,300,5,20,1.2,ok,,5.124436,INFEASIBLE,,58,60,240
medium/baseline/I005,medium,baseline,1064,20,300,5,50,0.8,ok,,5.083955,INFEASIBLE,,58,60,240
medium/baseline/I005,medium,baseline,1064,20,300,5,50,1.0,ok,,5.147074,INFEASIBLE,,58,60,240
medium/baseline/I005,medium,baseline,1064,20,300,5,50,1.2,ok,,5.095944,INFEASIBLE,,58,60,240
medium/baseline/I006,medium,baseline,1065,20,300,0,5,0.8,ok,,4.039309,INFEASIBLE,,60,51,204
medium/baseline/I006,medium,baseline,1065,20,300,0,5,1.0,ok,,4.055133,INFEASIBLE,,60,51,204
medium/baseline/I006,medium,baseline,1065,20,300,0,5,1.2,ok,,4.0301,INFEASIBLE,,60,51,204
medium/baseline/I006,medium,baseline,1065,20,300,0,10,0.8,ok,,4.013433,INFEASIBLE,,60,51,204
medium/baseline/I006,medium,baseline,1065,20,300,0,10,1.0,ok,,4.044766,INFEASIBLE,,60,51,204
medium/baseline/I006,medium,baseline,1065,20,300,0,10,1.2,ok,,4.033051,INFEASIBLE,,60,51,204
medium/baseline/I006,medium,baseline,1065,20,300,0,20,0.8,ok,,4.003293,INFEASIBLE,,60,51,204
medium/baseline/I006,medium,baseline,1065,20,300,0,20,1.0,ok,,4.020997,INFEASIBLE,,60,51,204
medium/baseline/I006,medium,baseline,1065,20,300,0,20,1.2,ok,,4.032327,INFEASIBLE,,60,51,204
medium/baseline/I006,medium,baseline,1065,20,300,0,50,0.8,ok,,4.034364,INFEASIBLE,,60,51,204
medium/baseline/I006,medium,baseline,1065,20,300,0,50,1.0,ok,,4.024477,INFEASIBLE,,60,51,204
medium/baseline/I006,medium,baseline,1065,20,300,0,50,1.2,ok,,4.018333,INFEASIBLE,,60,51,204
medium/baseline/I006,medium,baseline,1065,20,300,2,5,0.8,ok,,4.117639,INFEASIBLE,,60,51,204
medium/baseline/I006,medium,baseline,1065,20,300,2,5,1.0,ok,,4.138688,INFEASIBLE,,60,51,204
medium/baseline/I006,medium,baseline,1065,20,300,2,5,1.2,ok,,4.114814,INFEASIBLE,,60,51,204
medium/baseline/I006,medium,baseline,1065,20,300,2,10,0.8,ok,,4.124561,INFEASIBLE,,60,51,204
medium/baseline/I006,medium,baseline,1065,20,300,2,10,1.0,ok,,4.141874,INFEASIBLE,,60,51,204
medium/baseline/I006,medium,baseline,1065,20,300,2,10,1.2,ok,,4.067694,INFEASIBLE,,60,51,204
medium/baseline/I006,medium,baseline,1065,20,300,2,20,0.8,ok,,4.119828,INFEASIBLE,,60,51,204
medium/baseline/I006,medium,baseline,1065,20,300,2,20,1.0,ok,,4.121637,INFEASIBLE,,60,51,204
medium/baseline/I006,medium,baseline,1065,20,300,2,20,1.2,ok,,4.110455,INFEASIBLE,,60,51,204
medium/baseline/I006,medium,baseline,1065,20,300,2,50,0.8,ok,,4.10065,INFEASIBLE,,60,51,204
medium/baseline/I006,medium,baseline,1065,20,300,2,50,1.0,ok,,4.128306,INFEASIBLE,,60,51,204
medium/baseline/I006,medium,baseline,1065,20,300,2,50,1.2,ok,,4.1204,INFEASIBLE,,60,51,204
medium/baseline/I006,medium,baseline,1065,20,300,5,5,0.8,ok,,4.095384,INFEASIBLE,,60,51,204
medium/baseline/I006,medium,baseline,1065,20,300,5,5,1.0,ok,,4.092662,INFEASIBLE,,60,51,204
medium/baseline/I006,medium,baseline,1065,20,300,5,5,1.2,ok,,4.154583,INFEASIBLE,,60,51,204
medium/baseline/I006,medium,baseline,1065,20,300,5,10,0.8,ok,,4.149962,INFEASIBLE,,60,51,204
medium/baseline/I006,medium,baseline,1065,20,300,5,10,1.0,ok,,4.124444,INFEASIBLE,,60,51,204
medium/baseline/I006,medium,baseline,1065,20,300,5,10,1.2,ok,,4.109821,INFEASIBLE,,60,51,204
medium/baseline/I006,medium,baseline,1065,20,300,5,20,0.8,ok,,4.130346,INFEASIBLE,,60,51,204
medium/baseline/I006,medium,baseline,1065,20,300,5,20,1.0,ok,,4.090208,INFEASIBLE,,60,51,204
medium/baseline/I006,medium,baseline,1065,20,300,5,20,1.2,ok,,4.079544,INFEASIBLE,,60,51,204
medium/baseline/I006,medium,baseline,1065,20,300,5,50,0.8,ok,,4.12656,INFEASIBLE,,60,51,204
medium/baseline/I006,medium,baseline,1065,20,300,5,50,1.0,ok,,4.14508,INFEASIBLE,,60,51,204
medium/baseline/I006,medium,baseline,1065,20,300,5,50,1.2,ok,,4.089619,INFEASIBLE,,60,51,204
medium/baseline/I007,medium,baseline,1066,20,300,0,5,0.8,ok,,4.65447,INFEASIBLE,,59,57,228
medium/baseline/I007,medium,baseline,1066,20,300,0,5,1.0,ok,,4.714851,INFEASIBLE,,59,57,228
medium/baseline/I007,medium,baseline,1066,20,300,0,5,1.2,ok,,4.63574,INFEASIBLE,,59,57,228
medium/baseline/I007,medium,baseline,1066,20,300,0,10,0.8,ok,,4.658555,INFEASIBLE,,59,57,228
medium/baseline/I007,medium,baseline,1066,20,300,0,10,1.0,ok,,4.820998,INFEASIBLE,,59,57,228
medium/baseline/I007,medium,baseline,1066,20,300,0,10,1.2,ok,,4.707542,INFEASIBLE,,59,57,228
medium/baseline/I007,medium,baseline,1066,20,300,0,20,0.8,ok,,4.730645,INFEASIBLE,,59,57,228
medium/baseline/I007,medium,baseline,1066,20,300,0,20,1.0,ok,,4.706406,INFEASIBLE,,59,57,228
medium/baseline/I007,medium,baseline,1066,20,300,0,20,1.2,ok,,4.731006,INFEASIBLE,,59,57,228
medium/baseline/I007,medium,baseline,1066,20,300,0,50,0.8,ok,,4.669314,INFEASIBLE,,59,57,228
medium/baseline/I007,medium,baseline,1066,20,300,0,50,1.0,ok,,4.657949,INFEASIBLE,,59,57,228
medium/baseline/I007,medium,baseline,1066,20,300,0,50,1.2,ok,,4.727999,INFEASIBLE,,59,57,228
medium/baseline/I007,medium,baseline,1066,20,300,2,5,0.8,ok,,4.76518,INFEASIBLE,,59,57,228
medium/baseline/I007,medium,baseline,1066,20,300,2,5,1.0,ok,,4.82433,INFEASIBLE,,59,57,228
medium/baseline/I007,medium,baseline,1066,20,300,2,5,1.2,ok,,4.795613,INFEASIBLE,,59,57,228
medium/baseline/I007,medium,baseline,1066,20,300,2,10,0.8,ok,,4.77859,INFEASIBLE,,59,57,228
medium/baseline/I007,medium,baseline,1066,20,300,2,10,1.0,ok,,4.77475,INFEASIBLE,,59,57,228
medium/baseline/I007,medium,baseline,1066,20,300,2,10,1.2,ok,,4.786165,INFEASIBLE,,59,57,228
medium/baseline/I007,medium,baseline,1066,20,300,2,20,0.8,ok,,4.784593,INFEASIBLE,,59,57,228
medium/baseline/I007,medium,baseline,1066,20,300,2,20,1.0,ok,,4.774303,INFEASIBLE,,59,57,228
medium/baseline/I007,medium,baseline,1066,20,300,2,20,1.2,ok,,4.820275,INFEASIBLE,,59,57,228
medium/baseline/I007,medium,baseline,1066,20,300,2,50,0.8,ok,,4.775427,INFEASIBLE,,59,57,228
medium/baseline/I007,medium,baseline,1066,20,300,2,50,1.0,ok,,4.795185,INFEASIBLE,,59,57,228
medium/baseline/I007,medium,baseline,1066,20,300,2,50,1.2,ok,,4.772643,INFEASIBLE,,59,57,228
medium/baseline/I007,medium,baseline,1066,20,300,5,5,0.8,ok,,4.814101,INFEASIBLE,,59,57,228
medium/baseline/I007,medium,baseline,1066,20,300,5,5,1.0,ok,,4.791468,INFEASIBLE,,59,57,228
medium/baseline/I007,medium,baseline,1066,20,300,5,5,1.2,ok,,4.782136,INFEASIBLE,,59,57,228
medium/baseline/I007,medium,baseline,1066,20,300,5,10,0.8,ok,,4.794932,INFEASIBLE,,59,57,228
medium/baseline/I007,medium,baseline,1066,20,300,5,10,1.0,ok,,4.772361,INFEASIBLE,,59,57,228
medium/baseline/I007,medium,baseline,1066,20,300,5,10,1.2,ok,,4.816472,INFEASIBLE,,59,57,228
medium/baseline/I007,medium,baseline,1066,20,300,5,20,0.8,ok,,4.742154,INFEASIBLE,,59,57,228
medium/baseline/I007,medium,baseline,1066,20,300,5,20,1.0,ok,,4.828707,INFEASIBLE,,59,57,228
medium/baseline/I007,medium,baseline,1066,20,300,5,20,1.2,ok,,4.81909,INFEASIBLE,,59,57,228
medium/baseline/I007,medium,baseline,1066,20,300,5,50,0.8,ok,,4.754069,INFEASIBLE,,59,57,228
medium/baseline/I007,medium,baseline,1066,20,300,5,50,1.0,ok,,4.803354,INFEASIBLE,,59,57,228
medium/baseline/I007,medium,baseline,1066,20,300,5,50,1.2,ok,,4.767793,INFEASIBLE,,59,57,228
medium/baseline/I008,medium,baseline,1067,20,300,0,5,0.8,ok,,6.0991,INFEASIBLE,,60,68,272
medium/baseline/I008,medium,baseline,1067,20,300,0,5,1.0,ok,,6.125934,INFEASIBLE,,60,68,272
medium/baseline/I008,medium,baseline,1067,20,300,0,5,1.2,ok,,6.145899,INFEASIBLE,,60,68,272
medium/baseline/I008,medium,baseline,1067,20,300,0,10,0.8,ok,,6.096236,INFEASIBLE,,60,68,272
medium/baseline/I008,medium,baseline,1067,20,300,0,10,1.0,ok,,6.08531,INFEASIBLE,,60,68,272
medium/baseline/I008,medium,baseline,1067,20,300,0,10,1.2,ok,,6.108569,INFEASIBLE,,60,68,272
medium/baseline/I008,medium,baseline,1067,20,300,0,20,0.8,ok,,6.093718,INFEASIBLE,,60,68,272
medium/baseline/I008,medium,baseline,1067,20,300,0,20,1.0,ok,,6.093654,INFEASIBLE,,60,68,272
medium/baseline/I008,medium,baseline,1067,20,300,0,20,1.2,ok,,6.079314,INFEASIBLE,,60,68,272
medium/baseline/I008,medium,baseline,1067,20,300,0,50,0.8,ok,,6.110328,INFEASIBLE,,60,68,272
medium/baseline/I008,medium,baseline,1067,20,300,0,50,1.0,ok,,6.057611,INFEASIBLE,,60,68,272
medium/baseline/I008,medium,baseline,1067,20,300,0,50,1.2,ok,,6.14362,INFEASIBLE,,60,68,272
medium/baseline/I008,medium,baseline,1067,20,300,2,5,0.8,ok,,6.213534,INFEASIBLE,,60,68,272
medium/baseline/I008,medium,baseline,1067,20,300,2,5,1.0,ok,,6.212548,INFEASIBLE,,60,68,272
medium/baseline/I008,medium,baseline,1067,20,300,2,5,1.2,ok,,6.259203,INFEASIBLE,,60,68,272
medium/baseline/I008,medium,baseline,1067,20,300,2,10,0.8,ok,,6.208508,INFEASIBLE,,60,68,272
medium/baseline/I008,medium,baseline,1067,20,300,2,10,1.0,ok,,6.223698,INFEASIBLE,,60,68,272
medium/baseline/I008,medium,baseline,1067,20,300,2,10,1.2,ok,,6.23661,INFEASIBLE,,60,68,272
medium/baseline/I008,medium,baseline,1067,20,300,2,20,0.8,ok,,6.196176,INFEASIBLE,,60,68,272
medium/baseline/I008,medium,baseline,1067,20,300,2,20,1.0,ok,,6.226756,INFEASIBLE,,60,68,272
medium/baseline/I008,medium,baseline,1067,20,300,2,20,1.2,ok,,6.197495,INFEASIBLE,,60,68,272
medium/baseline/I008,medium,baseline,1067,20,300,2,50,0.8,ok,,6.244156,INFEASIBLE,,60,68,272
medium/baseline/I008,medium,baseline,1067,20,300,2,50,1.0,ok,,6.241166,INFEASIBLE,,60,68,272
medium/baseline/I008,medium,baseline,1067,20,300,2,50,1.2,ok,,6.26646,INFEASIBLE,,60,68,272
medium/baseline/I008,medium,baseline,1067,20,300,5,5,0.8,ok,,6.232765,INFEASIBLE,,60,68,272
medium/baseline/I008,medium,baseline,1067,20,300,5,5,1.0,ok,,6.219325,INFEASIBLE,,60,68,272
medium/baseline/I008,medium,baseline,1067,20,300,5,5,1.2,ok,,6.234558,INFEASIBLE,,60,68,272
medium/baseline/I008,medium,baseline,1067,20,300,5,10,0.8,ok,,6.217709,INFEASIBLE,,60,68,272
medium/baseline/I008,medium,baseline,1067,20,300,5,10,1.0,ok,,6.242608,INFEASIBLE,,60,68,272
medium/baseline/I008,medium,baseline,1067,20,300,5,10,1.2,ok,,6.200114,INFEASIBLE,,60,68,272
medium/baseline/I008,medium,baseline,1067,20,300,5,20,0.8,ok,,6.203143,INFEASIBLE,,60,68,272
medium/baseline/I008,medium,baseline,1067,20,300,5,20,1.0,ok,,6.228882,INFEASIBLE,,60,68,272
medium/baseline/I008,medium,baseline,1067,20,300,5,20,1.2,ok,,6.224791,INFEASIBLE,,60,68,272
medium/baseline/I008,medium,baseline,1067,20,300,5,50,0.8,ok,,6.234151,INFEASIBLE,,60,68,272
medium/baseline/I008,medium,baseline,1067,20,300,5,50,1.0,ok,,6.235387,INFEASIBLE,,60,68,272
medium/baseline/I008,medium,baseline,1067,20,300,5,50,1.2,ok,,6.182198,INFEASIBLE,,60,68,272
medium/baseline/I009,medium,baseline,1068,20,300,0,5,0.8,ok,,5.813642,INFEASIBLE,,60,66,264
medium/baseline/I009,medium,baseline,1068,20,300,0,5,1.0,ok,,5.871222,INFEASIBLE,,60,66,264
medium/baseline/I009,medium,baseline,1068,20,300,0,5,1.2,ok,,5.886835,INFEASIBLE,,60,66,264
medium/baseline/I009,medium,baseline,1068,20,300,0,10,0.8,ok,,5.845715,INFEASIBLE,,60,66,264
medium/baseline/I009,medium,baseline,1068,20,300,0,10,1.0,ok,,5.87553,INFEASIBLE,,60,66,264
medium/baseline/I009,medium,baseline,1068,20,300,0,10,1.2,ok,,5.844606,INFEASIBLE,,60,66,264
medium/baseline/I009,medium,baseline,1068,20,300,0,20,0.8,ok,,5.82341,INFEASIBLE,,60,66,264
medium/baseline/I009,medium,baseline,1068,20,300,0,20,1.0,ok,,5.878402,INFEASIBLE,,60,66,264
medium/baseline/I009,medium,baseline,1068,20,300,0,20,1.2,ok,,5.889373,INFEASIBLE,,60,66,264
medium/baseline/I009,medium,baseline,1068,20,300,0,50,0.8,ok,,5.837619,INFEASIBLE,,60,66,264
medium/baseline/I009,medium,baseline,1068,20,300,0,50,1.0,ok,,5.864187,INFEASIBLE,,60,66,264
medium/baseline/I009,medium,baseline,1068,20,300,0,50,1.2,ok,,5.873294,INFEASIBLE,,60,66,264
medium/baseline/I009,medium,baseline,1068,20,300,2,5,0.8,ok,,5.959096,INFEASIBLE,,60,66,264
medium/baseline/I009,medium,baseline,1068,20,300,2,5,1.0,ok,,5.997129,INFEASIBLE,,60,66,264
medium/baseline/I009,medium,baseline,1068,20,300,2,5,1.2,ok,,6.002349,INFEASIBLE,,60,66,264
medium/baseline/I009,medium,baseline,1068,20,300,2,10,0.8,ok,,5.93809,INFEASIBLE,,60,66,264
medium/baseline/I009,medium,baseline,1068,20,300,2,10,1.0,ok,,5.9475,INFEASIBLE,,60,66,264
medium/baseline/I009,medium,baseline,1068,20,300,2,10,1.2,ok,,6.006969,INFEASIBLE,,60,66,264
medium/baseline/I009,medium,baseline,1068,20,300,2,20,0.8,ok,,5.932293,INFEASIBLE,,60,66,264
medium/baseline/I009,medium,baseline,1068,20,300,2,20,1.0,ok,,6.00554,INFEASIBLE,,60,66,264
medium/baseline/I009,medium,baseline,1068,20,300,2,20,1.2,ok,,5.96177,INFEASIBLE,,60,66,264
medium/baseline/I009,medium,baseline,1068,20,300,2,50,0.8,ok,,5.948474,INFEASIBLE,,60,66,264
medium/baseline/I009,medium,baseline,1068,20,300,2,50,1.0,ok,,5.985893,INFEASIBLE,,60,66,264
medium/baseline/I009,medium,baseline,1068,20,300,2,50,1.2,ok,,5.977284,INFEASIBLE,,60,66,264
medium/baseline/I009,medium,baseline,1068,20,300,5,5,0.8,ok,,5.972948,INFEASIBLE,,60,66,264
medium/baseline/I009,medium,baseline,1068,20,300,5,5,1.0,ok,,5.982418,INFEASIBLE,,60,66,264
medium/baseline/I009,medium,baseline,1068,20,300,5,5,1.2,ok,,5.979775,INFEASIBLE,,60,66,264
medium/baseline/I009,medium,baseline,1068,20,300,5,10,0.8,ok,,5.947267,INFEASIBLE,,60,66,264
medium/baseline/I009,medium,baseline,1068,20,300,5,10,1.0,ok,,5.93627,INFEASIBLE,,60,66,264
medium/baseline/I009,medium,baseline,1068,20,300,5,10,1.2,ok,,5.983049,INFEASIBLE,,60,66,264
medium/baseline/I009,medium,baseline,1068,20,300,5,20,0.8,ok,,5.954541,INFEASIBLE,,60,66,264
medium/baseline/I009,medium,baseline,1068,20,300,5,20,1.0,ok,,5.999203,INFEASIBLE,,60,66,264
medium/baseline/I009,medium,baseline,1068,20,300,5,20,1.2,ok,,5.997675,INFEASIBLE,,60,66,264
medium/baseline/I009,medium,baseline,1068,20,300,5,50,0.8,ok,,5.931369,INFEASIBLE,,60,66,264
medium/baseline/I009,medium,baseline,1068,20,300,5,50,1.0,ok,,6.013832,INFEASIBLE,,60,66,264
medium/baseline/I009,medium,baseline,1068,20,300,5,50,1.2,ok,,5.973883,INFEASIBLE,,60,66,264
medium/baseline/I010,medium,baseline,1069,20,300,0,5,0.8,ok,,4.659613,INFEASIBLE,,60,56,224
medium/baseline/I010,medium,baseline,1069,20,300,0,5,1.0,ok,,4.586293,INFEASIBLE,,60,56,224
medium/baseline/I010,medium,baseline,1069,20,300,0,5,1.2,ok,,4.732975,INFEASIBLE,,60,56,224
medium/baseline/I010,medium,baseline,1069,20,300,0,10,0.8,ok,,4.766694,INFEASIBLE,,60,56,224
medium/baseline/I010,medium,baseline,1069,20,300,0,10,1.0,ok,,4.682591,INFEASIBLE,,60,56,224
medium/baseline/I010,medium,baseline,1069,20,300,0,10,1.2,ok,,4.599295,INFEASIBLE,,60,56,224
medium/baseline/I010,medium,baseline,1069,20,300,0,20,0.8,ok,,4.599972,INFEASIBLE,,60,56,224
medium/baseline/I010,medium,baseline,1069,20,300,0,20,1.0,ok,,4.649478,INFEASIBLE,,60,56,224
medium/baseline/I010,medium,baseline,1069,20,300,0,20,1.2,ok,,4.578664,INFEASIBLE,,60,56,224
medium/baseline/I010,medium,baseline,1069,20,300,0,50,0.8,ok,,4.60423,INFEASIBLE,,60,56,224
medium/baseline/I010,medium,baseline,1069,20,300,0,50,1.0,ok,,4.621289,INFEASIBLE,,60,56,224
medium/baseline/I010,medium,baseline,1069,20,300,0,50,1.2,ok,,4.623727,INFEASIBLE,,60,56,224
medium/baseline/I010,medium,baseline,1069,20,300,2,5,0.8,ok,,4.743345,INFEASIBLE,,60,56,224
medium/baseline/I010,medium,baseline,1069,20,300,2,5,1.0,ok,,4.716886,INFEASIBLE,,60,56,224
medium/baseline/I010,medium,baseline,1069,20,300,2,5,1.2,ok,,4.760389,INFEASIBLE,,60,56,224
medium/baseline/I010,medium,baseline,1069,20,300,2,10,0.8,ok,,4.674176,INFEASIBLE,,60,56,224
medium/baseline/I010,medium,baseline,1069,20,300,2,10,1.0,ok,,4.692195,INFEASIBLE,,60,56,224
medium/baseline/I010,medium,baseline,1069,20,300,2,10,1.2,ok,,4.739236,INFEASIBLE,,60,56,224
medium/baseline/I010,medium,baseline,1069,20,300,2,20,0.8,ok,,4.710085,INFEASIBLE,,60,56,224
medium/baseline/I010,medium,baseline,1069,20,300,2,20,1.0,ok,,4.74143,INFEASIBLE,,60,56,224
medium/baseline/I010,medium,baseline,1069,20,300,2,20,1.2,ok,,4.723645,INFEASIBLE,,60,56,224
medium/baseline/I010,medium,baseline,1069,20,300,2,50,0.8,ok,,4.711024,INFEASIBLE,,60,56,224
medium/baseline/I010,medium,baseline,1069,20,300,2,50,1.0,ok,,4.706223,INFEASIBLE,,60,56,224
medium/baseline/I010,medium,baseline,1069,20,300,2,50,1.2,ok,,4.705034,INFEASIBLE,,60,56,224
medium/baseline/I010,medium,baseline,1069,20,300,5,5,0.8,ok,,4.764948,INFEASIBLE,,60,56,224
medium/baseline/I010,medium,baseline,1069,20,300,5,5,1.0,ok,,4.696777,INFEASIBLE,,60,56,224
medium/baseline/I010,medium,baseline,1069,20,300,5,5,1.2,ok,,4.705005,INFEASIBLE,,60,56,224
medium/baseline/I010,medium,baseline,1069,20,300,5,10,0.8,ok,,4.71701,INFEASIBLE,,60,56,224
medium/baseline/I010,medium,baseline,1069,20,300,5,10,1.0,ok,,4.713433,INFEASIBLE,,60,56,224
medium/baseline/I010,medium,baseline,1069,20,300,5,10,1.2,ok,,4.726235,INFEASIBLE,,60,56,224
medium/baseline/I010,medium,baseline,1069,20,300,5,20,0.8,ok,,4.706184,INFEASIBLE,,60,56,224
medium/baseline/I010,medium,baseline,1069,20,300,5,20,1.0,ok,,4.724745,INFEASIBLE,,60,56,224
medium/baseline/I010,medium,baseline,1069,20,300,5,20,1.2,ok,,4.708132,INFEASIBLE,,60,56,224
medium/baseline/I010,medium,baseline,1069,20,300,5,50,0.8,ok,,4.668499,INFEASIBLE,,60,56,224
medium/baseline/I010,medium,baseline,1069,20,300,5,50,1.0,ok,,4.729786,INFEASIBLE,,60,56,224
medium/baseline/I010,medium,baseline,1069,20,300,5,50,1.2,ok,,4.706806,INFEASIBLE,,60,56,224
medium/baseline/I011,medium,baseline,1070,20,300,0,5,0.8,ok,,6.961311,INFEASIBLE,,59,74,296
medium/baseline/I011,medium,baseline,1070,20,300,0,5,1.0,ok,,6.955409,INFEASIBLE,,59,74,296
medium/baseline/I011,medium,baseline,1070,20,300,0,5,1.2,ok,,6.928326,INFEASIBLE,,59,74,296
medium/baseline/I011,medium,baseline,1070,20,300,0,10,0.8,ok,,6.964609,INFEASIBLE,,59,74,296
medium/baseline/I011,medium,baseline,1070,20,300,0,10,1.0,ok,,6.93848,INFEASIBLE,,59,74,296
medium/baseline/I011,medium,baseline,1070,20,300,0,10,1.2,ok,,6.940487,INFEASIBLE,,59,74,296
medium/baseline/I011,medium,baseline,1070,20,300,0,20,0.8,ok,,6.968226,INFEASIBLE,,59,74,296
medium/baseline/I011,medium,baseline,1070,20,300,0,20,1.0,ok,,6.947387,INFEASIBLE,,59,74,296
medium/baseline/I011,medium,baseline,1070,20,300,0,20,1.2,ok,,6.913714,INFEASIBLE,,59,74,296
medium/baseline/I011,medium,baseline,1070,20,300,0,50,0.8,ok,,6.949355,INFEASIBLE,,59,74,296
medium/baseline/I011,medium,baseline,1070,20,300,0,50,1.0,ok,,6.964799,INFEASIBLE,,59,74,296
medium/baseline/I011,medium,baseline,1070,20,300,0,50,1.2,ok,,6.974234,INFEASIBLE,,59,74,296
medium/baseline/I011,medium,baseline,1070,20,300,2,5,0.8,ok,,7.036633,INFEASIBLE,,59,74,296
medium/baseline/I011,medium,baseline,1070,20,300,2,5,1.0,ok,,7.054477,INFEASIBLE,,59,74,296
medium/baseline/I011,medium,baseline,1070,20,300,2,5,1.2,ok,,7.131427,INFEASIBLE,,59,74,296
medium/baseline/I011,medium,baseline,1070,20,300,2,10,0.8,ok,,7.065381,INFEASIBLE,,59,74,296
medium/baseline/I011,medium,baseline,1070,20,300,2,10,1.0,ok,,7.105319,INFEASIBLE,,59,74,296
medium/baseline/I011,medium,baseline,1070,20,300,2,10,1.2,ok,,7.07489,INFEASIBLE,,59,74,296
medium/baseline/I011,medium,baseline,1070,20,300,2,20,0.8,ok,,7.035474,INFEASIBLE,,59,74,296
medium/baseline/I011,medium,baseline,1070,20,300,2,20,1.0,ok,,7.058209,INFEASIBLE,,59,74,296
medium/baseline/I011,medium,baseline,1070,20,300,2,20,1.2,ok,,7.097039,INFEASIBLE,,59,74,296
medium/baseline/I011,medium,baseline,1070,20,300,2,50,0.8,ok,,7.103683,INFEASIBLE,,59,74,296
medium/baseline/I011,medium,baseline,1070,20,300,2,50,1.0,ok,,7.086488,INFEASIBLE,,59,74,296
medium/baseline/I011,medium,baseline,1070,20,300,2,50,1.2,ok,,7.042762,INFEASIBLE,,59,74,296
medium/baseline/I011,medium,baseline,1070,20,300,5,5,0.8,ok,,7.073728,INFEASIBLE,,59,74,296
medium/baseline/I011,medium,baseline,1070,20,300,5,5,1.0,ok,,7.093833,INFEASIBLE,,59,74,296
medium/baseline/I011,medium,baseline,1070,20,300,5,5,1.2,ok,,7.136015,INFEASIBLE,,59,74,296
medium/baseline/I011,medium,baseline,1070,20,300,5,10,0.8,ok,,7.047047,INFEASIBLE,,59,74,296
medium/baseline/I011,medium,baseline,1070,20,300,5,10,1.0,ok,,7.09929,INFEASIBLE,,59,74,296
medium/baseline/I011,medium,baseline,1070,20,300,5,10,1.2,ok,,7.112632,INFEASIBLE,,59,74,296
medium/baseline/I011,medium,baseline,1070,20,300,5,20,0.8,ok,,7.002594,INFEASIBLE,,59,74,296
medium/baseline/I011,medium,baseline,1070,20,300,5,20,1.0,ok,,7.119795,INFEASIBLE,,59,74,296
medium/baseline/I011,medium,baseline,1070,20,300,5,20,1.2,ok,,7.071173,INFEASIBLE,,59,74,296
medium/baseline/I011,medium,baseline,1070,20,300,5,50,0.8,ok,,7.079969,INFEASIBLE,,59,74,296
medium/baseline/I011,medium,baseline,1070,20,300,5,50,1.0,ok,,7.086821,INFEASIBLE,,59,74,296
medium/baseline/I011,medium,baseline,1070,20,300,5,50,1.2,ok,,7.222311,INFEASIBLE,,59,74,296
medium/baseline/I012,medium,baseline,1071,20,300,0,5,0.8,ok,,6.787926,INFEASIBLE,,59,70,280
medium/baseline/I012,medium,baseline,1071,20,300,0,5,1.0,ok,,6.434984,INFEASIBLE,,59,70,280
medium/baseline/I012,medium,baseline,1071,20,300,0,5,1.2,ok,,6.397062,INFEASIBLE,,59,70,280
medium/baseline/I012,medium,baseline,1071,20,300,0,10,0.8,ok,,6.356282,INFEASIBLE,,59,70,280
medium/baseline/I012,medium,baseline,1071,20,300,0,10,1.0,ok,,6.362908,INFEASIBLE,,59,70,280
medium/baseline/I012,medium,baseline,1071,20,300,0,10,1.2,ok,,6.407313,INFEASIBLE,,59,70,280
medium/baseline/I012,medium,baseline,1071,20,300,0,20,0.8,ok,,6.392237,INFEASIBLE,,59,70,280
medium/baseline/I012,medium,baseline,1071,20,300,0,20,1.0,ok,,6.410077,INFEASIBLE,,59,70,280
medium/baseline/I012,medium,baseline,1071,20,300,0,20,1.2,ok,,6.404059,INFEASIBLE,,59,70,280
medium/baseline/I012,medium,baseline,1071,20,300,0,50,0.8,ok,,6.364688,INFEASIBLE,,59,70,280
medium/baseline/I012,medium,baseline,1071,20,300,0,50,1.0,ok,,6.362401,INFEASIBLE,,59,70,280
medium/baseline/I012,medium,baseline,1071,20,300,0,50,1.2,ok,,6.368573,INFEASIBLE,,59,70,280
medium/baseline/I012,medium,baseline,1071,20,300,2,5,0.8,ok,,6.501562,INFEASIBLE,,59,70,280
medium/baseline/I012,medium,baseline,1071,20,300,2,5,1.0,ok,,6.515863,INFEASIBLE,,59,70,280
medium/baseline/I012,medium,baseline,1071,20,300,2,5,1.2,ok,,6.48448,INFEASIBLE,,59,70,280
medium/baseline/I012,medium,baseline,1071,20,300,2,10,0.8,ok,,6.460121,INFEASIBLE,,59,70,280
medium/baseline/I012,medium,baseline,1071,20,300,2,10,1.0,ok,,6.46044,INFEASIBLE,,59,70,280
medium/baseline/I012,medium,baseline,1071,20,300,2,10,1.2,ok,,6.581577,INFEASIBLE,,59,70,280
medium/baseline/I012,medium,baseline,1071,20,300,2,20,0.8,ok,,6.513218,INFEASIBLE,,59,70,280
medium/baseline/I012,medium,baseline,1071,20,300,2,20,1.0,ok,,6.528395,INFEASIBLE,,59,70,280
medium/baseline/I012,medium,baseline,1071,20,300,2,20,1.2,ok,,6.48267,INFEASIBLE,,59,70,280
medium/baseline/I012,medium,baseline,1071,20,300,2,50,0.8,ok,,6.500332,INFEASIBLE,,59,70,280
medium/baseline/I012,medium,baseline,1071,20,300,2,50,1.0,ok,,6.530649,INFEASIBLE,,59,70,280
medium/baseline/I012,medium,baseline,1071,20,300,2,50,1.2,ok,,6.510425,INFEASIBLE,,59,70,280
medium/baseline/I012,medium,baseline,1071,20,300,5,5,0.8,ok,,6.510977,INFEASIBLE,,59,70,280
medium/baseline/I012,medium,baseline,1071,20,300,5,5,1.0,ok,,6.495478,INFEASIBLE,,59,70,280
medium/baseline/I012,medium,baseline,1071,20,300,5,5,1.2,ok,,6.476886,INFEASIBLE,,59,70,280
medium/baseline/I012,medium,baseline,1071,20,300,5,10,0.8,ok,,6.531343,INFEASIBLE,,59,70,280
medium/baseline/I012,medium,baseline,1071,20,300,5,10,1.0,ok,,6.469844,INFEASIBLE,,59,70,280
medium/baseline/I012,medium,baseline,1071,20,300,5,10,1.2,ok,,6.542406,INFEASIBLE,,59,70,280
medium/baseline/I012,medium,baseline,1071,20,300,5,20,0.8,ok,,6.509102,INFEASIBLE,,59,70,280
medium/baseline/I012,medium,baseline,1071,20,300,5,20,1.0,ok,,6.525314,INFEASIBLE,,59,70,280
medium/baseline/I012,medium,baseline,1071,20,300,5,20,1.2,ok,,6.526781,INFEASIBLE,,59,70,280
medium/baseline/I012,medium,baseline,1071,20,300,5,50,0.8,ok,,6.503454,INFEASIBLE,,59,70,280
medium/baseline/I012,medium,baseline,1071,20,300,5,50,1.0,ok,,6.58208,INFEASIBLE,,59,70,280
medium/baseline/I012,medium,baseline,1071,20,300,5,50,1.2,ok,,6.560761,INFEASIBLE,,59,70,280
medium/baseline/I013,medium,baseline,1072,20,300,0,5,0.8,ok,,6.940942,INFEASIBLE,,60,74,296
medium/baseline/I013,medium,baseline,1072,20,300,0,5,1.0,ok,,6.994577,INFEASIBLE,,60,74,296
medium/baseline/I013,medium,baseline,1072,20,300,0,5,1.2,ok,,7.059673,INFEASIBLE,,60,74,296
medium/baseline/I013,medium,baseline,1072,20,300,0,10,0.8,ok,,6.970623,INFEASIBLE,,60,74,296
medium/baseline/I013,medium,baseline,1072,20,300,0,10,1.0,ok,,7.029892,INFEASIBLE,,60,74,296
medium/baseline/I013,medium,baseline,1072,20,300,0,10,1.2,ok,,7.04371,INFEASIBLE,,60,74,296
medium/baseline/I013,medium,baseline,1072,20,300,0,20,0.8,ok,,7.041073,INFEASIBLE,,60,74,296
medium/baseline/I013,medium,baseline,1072,20,300,0,20,1.0,ok,,7.038411,INFEASIBLE,,60,74,296
medium/baseline/I013,medium,baseline,1072,20,300,0,20,1.2,ok,,7.050176,INFEASIBLE,,60,74,296
medium/baseline/I013,medium,baseline,1072,20,300,0,50,0.8,ok,,6.958,INFEASIBLE,,60,74,296
medium/baseline/I013,medium,baseline,1072,20,300,0,50,1.0,ok,,7.000239,INFEASIBLE,,60,74,296
medium/baseline/I013,medium,baseline,1072,20,300,0,50,1.2,ok,,7.040185,INFEASIBLE,,60,74,296
medium/baseline/I013,medium,baseline,1072,20,300,2,5,0.8,ok,,7.156729,INFEASIBLE,,60,74,296
medium/baseline/I013,medium,baseline,1072,20,300,2,5,1.0,ok,,7.124916,INFEASIBLE,,60,74,296
medium/baseline/I013,medium,baseline,1072,20,300,2,5,1.2,ok,,7.15436,INFEASIBLE,,60,74,296
medium/baseline/I013,medium,baseline,1072,20,300,2,10,0.8,ok,,7.155339,INFEASIBLE,,60,74,296
medium/baseline/I013,medium,baseline,1072,20,300,2,10,1.0,ok,,7.095166,INFEASIBLE,,60,74,296
medium/baseline/I013,medium,baseline,1072,20,300,2,10,1.2,ok,,7.10209,INFEASIBLE,,60,74,296
medium/baseline/I013,medium,baseline,1072,20,300,2,20,0.8,ok,,7.143228,INFEASIBLE,,60,74,296
medium/baseline/I013,medium,baseline,1072,20,300,2,20,1.0,ok,,7.131135,INFEASIBLE,,60,74,296
medium/baseline/I013,medium,baseline,1072,20,300,2,20,1.2,ok,,7.175234,INFEASIBLE,,60,74,296
medium/baseline/I013,medium,baseline,1072,20,300,2,50,0.8,ok,,7.166583,INFEASIBLE,,60,74,296
medium/baseline/I013,medium,baseline,1072,20,300,2,50,1.0,ok,,7.160504,INFEASIBLE,,60,74,296
medium/baseline/I013,medium,baseline,1072,20,300,2,50,1.2,ok,,7.097806,INFEASIBLE,,60,74,296
medium/baseline/I013,medium,baseline,1072,20,300,5,5,0.8,ok,,7.171813,INFEASIBLE,,60,74,296
medium/baseline/I013,medium,baseline,1072,20,300,5,5,1.0,ok,,7.115943,INFEASIBLE,,60,74,296
medium/baseline/I013,medium,baseline,1072,20,300,5,5,1.2,ok,,7.109498,INFEASIBLE,,60,74,296
medium/baseline/I013,medium,baseline,1072,20,300,5,10,0.8,ok,,7.172612,INFEASIBLE,,60,74,296
medium/baseline/I013,medium,baseline,1072,20,300,5,10,1.0,ok,,7.136837,INFEASIBLE,,60,74,296
medium/baseline/I013,medium,baseline,1072,20,300,5,10,1.2,ok,,7.124859,INFEASIBLE,,60,74,296
medium/baseline/I013,medium,baseline,1072,20,300,5,20,0.8,ok,,7.13892,INFEASIBLE,,60,74,296
medium/baseline/I013,medium,baseline,1072,20,300,5,20,1.0,ok,,7.108078,INFEASIBLE,,60,74,296
medium/baseline/I013,medium,baseline,1072,20,300,5,20,1.2,ok,,7.138932,INFEASIBLE,,60,74,296
medium/baseline/I013,medium,baseline,1072,20,300,5,50,0.8,ok,,7.169388,INFEASIBLE,,60,74,296
medium/baseline/I013,medium,baseline,1072,20,300,5,50,1.0,ok,,7.193374,INFEASIBLE,,60,74,296
medium/baseline/I013,medium,baseline,1072,20,300,5,50,1.2,ok,,7.109337,INFEASIBLE,,60,74,296
medium/baseline/I014,medium,baseline,1073,20,300,0,5,0.8,ok,,9.11717,INFEASIBLE,,59,87,348
medium/baseline/I014,medium,baseline,1073,20,300,0,5,1.0,ok,,8.973037,INFEASIBLE,,59,87,348
medium/baseline/I014,medium,baseline,1073,20,300,0,5,1.2,ok,,8.853661,INFEASIBLE,,59,87,348
medium/baseline/I014,medium,baseline,1073,20,300,0,10,0.8,ok,,8.936876,INFEASIBLE,,59,87,348
medium/baseline/I014,medium,baseline,1073,20,300,0,10,1.0,ok,,8.943795,INFEASIBLE,,59,87,348
medium/baseline/I014,medium,baseline,1073,20,300,0,10,1.2,ok,,8.846186,INFEASIBLE,,59,87,348
medium/baseline/I014,medium,baseline,1073,20,300,0,20,0.8,ok,,8.881902,INFEASIBLE,,59,87,348
medium/baseline/I014,medium,baseline,1073,20,300,0,20,1.0,ok,,8.88977,INFEASIBLE,,59,87,348
medium/baseline/I014,medium,baseline,1073,20,300,0,20,1.2,ok,,8.866537,INFEASIBLE,,59,87,348
medium/baseline/I014,medium,baseline,1073,20,300,0,50,0.8,ok,,8.893788,INFEASIBLE,,59,87,348
medium/baseline/I014,medium,baseline,1073,20,300,0,50,1.0,ok,,8.896236,INFEASIBLE,,59,87,348
medium/baseline/I014,medium,baseline,1073,20,300,0,50,1.2,ok,,8.804646,INFEASIBLE,,59,87,348
medium/baseline/I014,medium,baseline,1073,20,300,2,5,0.8,ok,,9.125089,INFEASIBLE,,59,87,348
medium/baseline/I014,medium,baseline,1073,20,300,2,5,1.0,ok,,9.080079,INFEASIBLE,,59,87,348
medium/baseline/I014,medium,baseline,1073,20,300,2,5,1.2,ok,,9.026571,INFEASIBLE,,59,87,348
medium/baseline/I014,medium,baseline,1073,20,300,2,10,0.8,ok,,9.126881,INFEASIBLE,,59,87,348
medium/baseline/I014,medium,baseline,1073,20,300,2,10,1.0,ok,,9.098059,INFEASIBLE,,59,87,348
medium/baseline/I014,medium,baseline,1073,20,300,2,10,1.2,ok,,8.992704,INFEASIBLE,,59,87,348
medium/baseline/I014,medium,baseline,1073,20,300,2,20,0.8,ok,,9.091321,INFEASIBLE,,59,87,348
medium/baseline/I014,medium,baseline,1073,20,300,2,20,1.0,ok,,9.095435,INFEASIBLE,,59,87,348
medium/baseline/I014,medium,baseline,1073,20,300,2,20,1.2,ok,,9.009818,INFEASIBLE,,59,87,348
medium/baseline/I014,medium,baseline,1073,20,300,2,50,0.8,ok,,9.102923,INFEASIBLE,,59,87,348
medium/baseline/I014,medium,baseline,1073,20,300,2,50,1.0,ok,,9.109956,INFEASIBLE,,59,87,348
medium/baseline/I014,medium,baseline,1073,20,300,2,50,1.2,ok,,9.064692,INFEASIBLE,,59,87,348
medium/baseline/I014,medium,baseline,1073,20,300,5,5,0.8,ok,,9.063732,INFEASIBLE,,59,87,348
medium/baseline/I014,medium,baseline,1073,20,300,5,5,1.0,ok,,9.025431,INFEASIBLE,,59,87,348
medium/baseline/I014,medium,baseline,1073,20,300,5,5,1.2,ok,,9.025477,INFEASIBLE,,59,87,348
medium/baseline/I014,medium,baseline,1073,20,300,5,10,0.8,ok,,9.109959,INFEASIBLE,,59,87,348
medium/baseline/I014,medium,baseline,1073,20,300,5,10,1.0,ok,,9.050352,INFEASIBLE,,59,87,348
medium/baseline/I014,medium,baseline,1073,20,300,5,10,1.2,ok,,9.017377,INFEASIBLE,,59,87,348
medium/baseline/I014,medium,baseline,1073,20,300,5,20,0.8,ok,,9.062634,INFEASIBLE,,59,87,348
medium/baseline/I014,medium,baseline,1073,20,300,5,20,1.0,ok,,9.126796,INFEASIBLE,,59,87,348
medium/baseline/I014,medium,baseline,1073,20,300,5,20,1.2,ok,,9.038457,INFEASIBLE,,59,87,348
medium/baseline/I014,medium,baseline,1073,20,300,5,50,0.8,ok,,9.063969,INFEASIBLE,,59,87,348
medium/baseline/I014,medium,baseline,1073,20,300,5,50,1.0,ok,,9.122775,INFEASIBLE,,59,87,348
medium/baseline/I014,medium,baseline,1073,20,300,5,50,1.2,ok,,9.110317,INFEASIBLE,,59,87,348
medium/baseline/I015,medium,baseline,1074,20,300,0,5,0.8,ok,,7.725904,INFEASIBLE,,60,79,316
medium/baseline/I015,medium,baseline,1074,20,300,0,5,1.0,ok,,7.766857,INFEASIBLE,,60,79,316
medium/baseline/I015,medium,baseline,1074,20,300,0,5,1.2,ok,,7.812633,INFEASIBLE,,60,79,316
medium/baseline/I015,medium,baseline,1074,20,300,0,10,0.8,ok,,7.803195,INFEASIBLE,,60,79,316
medium/baseline/I015,medium,baseline,1074,20,300,0,10,1.0,ok,,7.799666,INFEASIBLE,,60,79,316
medium/baseline/I015,medium,baseline,1074,20,300,0,10,1.2,ok,,7.7606,INFEASIBLE,,60,79,316
medium/baseline/I015,medium,baseline,1074,20,300,0,20,0.8,ok,,7.767341,INFEASIBLE,,60,79,316
medium/baseline/I015,medium,baseline,1074,20,300,0,20,1.0,ok,,7.79193,INFEASIBLE,,60,79,316
medium/baseline/I015,medium,baseline,1074,20,300,0,20,1.2,ok,,7.791842,INFEASIBLE,,60,79,316
medium/baseline/I015,medium,baseline,1074,20,300,0,50,0.8,ok,,7.753815,INFEASIBLE,,60,79,316
medium/baseline/I015,medium,baseline,1074,20,300,0,50,1.0,ok,,7.765873,INFEASIBLE,,60,79,316
medium/baseline/I015,medium,baseline,1074,20,300,0,50,1.2,ok,,7.713184,INFEASIBLE,,60,79,316
medium/baseline/I015,medium,baseline,1074,20,300,2,5,0.8,ok,,7.889843,INFEASIBLE,,60,79,316
medium/baseline/I015,medium,baseline,1074,20,300,2,5,1.0,ok,,7.876539,INFEASIBLE,,60,79,316
medium/baseline/I015,medium,baseline,1074,20,300,2,5,1.2,ok,,7.881787,INFEASIBLE,,60,79,316
medium/baseline/I015,medium,baseline,1074,20,300,2,10,0.8,ok,,7.898686,INFEASIBLE,,60,79,316
medium/baseline/I015,medium,baseline,1074,20,300,2,10,1.0,ok,,7.8398,INFEASIBLE,,60,79,316
medium/baseline/I015,medium,baseline,1074,20,300,2,10,1.2,ok,,7.900591,INFEASIBLE,,60,79,316
medium/baseline/I015,medium,baseline,1074,20,300,2,20,0.8,ok,,7.95655,INFEASIBLE,,60,79,316
medium/baseline/I015,medium,baseline,1074,20,300,2,20,1.0,ok,,7.964507,INFEASIBLE,,60,79,316
medium/baseline/I015,medium,baseline,1074,20,300,2,20,1.2,ok,,7.873122,INFEASIBLE,,60,79,316
medium/baseline/I015,medium,baseline,1074,20,300,2,50,0.8,ok,,7.882726,INFEASIBLE,,60,79,316
medium/baseline/I015,medium,baseline,1074,20,300,2,50,1.0,ok,,7.920173,INFEASIBLE,,60,79,316
medium/baseline/I015,medium,baseline,1074,20,300,2,50,1.2,ok,,7.907147,INFEASIBLE,,60,79,316
medium/baseline/I015,medium,baseline,1074,20,300,5,5,0.8,ok,,7.931392,INFEASIBLE,,60,79,316
medium/baseline/I015,medium,baseline,1074,20,300,5,5,1.0,ok,,7.871058,INFEASIBLE,,60,79,316
medium/baseline/I015,medium,baseline,1074,20,300,5,5,1.2,ok,,7.836615,INFEASIBLE,,60,79,316
medium/baseline/I015,medium,baseline,1074,20,300,5,10,0.8,ok,,7.904929,INFEASIBLE,,60,79,316
medium/baseline/I015,medium,baseline,1074,20,300,5,10,1.0,ok,,7.888344,INFEASIBLE,,60,79,316
medium/baseline/I015,medium,baseline,1074,20,300,5,10,1.2,ok,,7.86266,INFEASIBLE,,60,79,316
medium/baseline/I015,medium,baseline,1074,20,300,5,20,0.8,ok,,7.870122,INFEASIBLE,,60,79,316
medium/baseline/I015,medium,baseline,1074,20,300,5,20,1.0,ok,,7.867659,INFEASIBLE,,60,79,316
medium/baseline/I015,medium,baseline,1074,20,300,5,20,1.2,ok,,7.831152,INFEASIBLE,,60,79,316
medium/baseline/I015,medium,baseline,1074,20,300,5,50,0.8,ok,,7.865563,INFEASIBLE,,60,79,316
medium/baseline/I015,medium,baseline,1074,20,300,5,50,1.0,ok,,7.885458,INFEASIBLE,,60,79,316
medium/baseline/I015,medium,baseline,1074,20,300,5,50,1.2,ok,,8.023705,INFEASIBLE,,60,79,316
medium/baseline/I016,medium,baseline,1075,20,300,0,5,0.8,ok,,5.271736,INFEASIBLE,,59,62,248
medium/baseline/I016,medium,baseline,1075,20,300,0,5,1.0,ok,,5.322901,INFEASIBLE,,59,62,248
medium/baseline/I016,medium,baseline,1075,20,300,0,5,1.2,ok,,5.280491,INFEASIBLE,,59,62,248
medium/baseline/I016,medium,baseline,1075,20,300,0,10,0.8,ok,,5.284618,INFEASIBLE,,59,62,248
medium/baseline/I016,medium,baseline,1075,20,300,0,10,1.0,ok,,5.351081,INFEASIBLE,,59,62,248
medium/baseline/I016,medium,baseline,1075,20,300,0,10,1.2,ok,,5.280249,INFEASIBLE,,59,62,248
medium/baseline/I016,medium,baseline,1075,20,300,0,20,0.8,ok,,5.279486,INFEASIBLE,,59,62,248
medium/baseline/I016,medium,baseline,1075,20,300,0,20,1.0,ok,,5.309561,INFEASIBLE,,59,62,248
medium/baseline/I016,medium,baseline,1075,20,300,0,20,1.2,ok,,5.335777,INFEASIBLE,,59,62,248
medium/baseline/I016,medium,baseline,1075,20,300,0,50,0.8,ok,,5.262227,INFEASIBLE,,59,62,248
medium/baseline/I016,medium,baseline,1075,20,300,0,50,1.0,ok,,5.291678,INFEASIBLE,,59,62,248
medium/baseline/I016,medium,baseline,1075,20,300,0,50,1.2,ok,,5.337234,INFEASIBLE,,59,62,248
medium/baseline/I016,medium,baseline,1075,20,300,2,5,0.8,ok,,5.404302,INFEASIBLE,,59,62,248
medium/baseline/I016,medium,baseline,1075,20,300,2,5,1.0,ok,,5.373949,INFEASIBLE,,59,62,248
medium/baseline/I016,medium,baseline,1075,20,300,2,5,1.2,ok,,5.429552,INFEASIBLE,,59,62,248
medium/baseline/I016,medium,baseline,1075,20,300,2,10,0.8,ok,,5.472731,INFEASIBLE,,59,62,248
medium/baseline/I016,medium,baseline,1075,20,300,2,10,1.0,ok,,5.397036,INFEASIBLE,,59,62,248
medium/baseline/I016,medium,baseline,1075,20,300,2,10,1.2,ok,,5.431657,INFEASIBLE,,59,62,248
medium/baseline/I016,medium,baseline,1075,20,300,2,20,0.8,ok,,5.410708,INFEASIBLE,,59,62,248
medium/baseline/I016,medium,baseline,1075,20,300,2,20,1.0,ok,,5.421806,INFEASIBLE,,59,62,248
medium/baseline/I016,medium,baseline,1075,20,300,2,20,1.2,ok,,5.393206,INFEASIBLE,,59,62,248
medium/baseline/I016,medium,baseline,1075,20,300,2,50,0.8,ok,,5.440232,INFEASIBLE,,59,62,248
medium/baseline/I016,medium,baseline,1075,20,300,2,50,1.0,ok,,5.428555,INFEASIBLE,,59,62,248
medium/baseline/I016,medium,baseline,1075,20,300,2,50,1.2,ok,,5.449373,INFEASIBLE,,59,62,248
medium/baseline/I016,medium,baseline,1075,20,300,5,5,0.8,ok,,5.412824,INFEASIBLE,,59,62,248
medium/baseline/I016,medium,baseline,1075,20,300,5,5,1.0,ok,,5.409777,INFEASIBLE,,59,62,248
medium/baseline/I016,medium,baseline,1075,20,300,5,5,1.2,ok,,5.406345,INFEASIBLE,,59,62,248
medium/baseline/I016,medium,baseline,1075,20,300,5,10,0.8,ok,,5.396411,INFEASIBLE,,59,62,248
medium/baseline/I016,medium,baseline,1075,20,300,5,10,1.0,ok,,5.436387,INFEASIBLE,,59,62,248
medium/baseline/I016,medium,baseline,1075,20,300,5,10,1.2,ok,,5.429817,INFEASIBLE,,59,62,248
medium/baseline/I016,medium,baseline,1075,20,300,5,20,0.8,ok,,5.421405,INFEASIBLE,,59,62,248
medium/baseline/I016,medium,baseline,1075,20,300,5,20,1.0,ok,,5.426564,INFEASIBLE,,59,62,248
medium/baseline/I016,medium,baseline,1075,20,300,5,20,1.2,ok,,5.436895,INFEASIBLE,,59,62,248
medium/baseline/I016,medium,baseline,1075,20,300,5,50,0.8,ok,,5.421655,INFEASIBLE,,59,62,248
medium/baseline/I016,medium,baseline,1075,20,300,5,50,1.0,ok,,5.435812,INFEASIBLE,,59,62,248
medium/baseline/I016,medium,baseline,1075,20,300,5,50,1.2,ok,,5.413999,INFEASIBLE,,59,62,248
medium/baseline/I017,medium,baseline,1076,20,300,0,5,0.8,ok,,6.442434,INFEASIBLE,,60,70,280
medium/baseline/I017,medium,baseline,1076,20,300,0,5,1.0,ok,,6.392964,INFEASIBLE,,60,70,280
medium/baseline/I017,medium,baseline,1076,20,300,0,5,1.2,ok,,6.401739,INFEASIBLE,,60,70,280
medium/baseline/I017,medium,baseline,1076,20,300,0,10,0.8,ok,,6.404946,INFEASIBLE,,60,70,280
medium/baseline/I017,medium,baseline,1076,20,300,0,10,1.0,ok,,6.405276,INFEASIBLE,,60,70,280
medium/baseline/I017,medium,baseline,1076,20,300,0,10,1.2,ok,,6.368784,INFEASIBLE,,60,70,280
medium/baseline/I017,medium,baseline,1076,20,300,0,20,0.8,ok,,6.437209,INFEASIBLE,,60,70,280
medium/baseline/I017,medium,baseline,1076,20,300,0,20,1.0,ok,,6.401816,INFEASIBLE,,60,70,280
medium/baseline/I017,medium,baseline,1076,20,300,0,20,1.2,ok,,6.386837,INFEASIBLE,,60,70,280
medium/baseline/I017,medium,baseline,1076,20,300,0,50,0.8,ok,,6.427475,INFEASIBLE,,60,70,280
medium/baseline/I017,medium,baseline,1076,20,300,0,50,1.0,ok,,6.453662,INFEASIBLE,,60,70,280
medium/baseline/I017,medium,baseline,1076,20,300,0,50,1.2,ok,,6.441957,INFEASIBLE,,60,70,280
medium/baseline/I017,medium,baseline,1076,20,300,2,5,0.8,ok,,6.515264,INFEASIBLE,,60,70,280
medium/baseline/I017,medium,baseline,1076,20,300,2,5,1.0,ok,,6.525682,INFEASIBLE,,60,70,280
medium/baseline/I017,medium,baseline,1076,20,300,2,5,1.2,ok,,6.537359,INFEASIBLE,,60,70,280
medium/baseline/I017,medium,baseline,1076,20,300,2,10,0.8,ok,,6.72233,INFEASIBLE,,60,70,280
medium/baseline/I017,medium,baseline,1076,20,300,2,10,1.0,ok,,6.805166,INFEASIBLE,,60,70,280
medium/baseline/I017,medium,baseline,1076,20,300,2,10,1.2,ok,,6.55006,INFEASIBLE,,60,70,280
medium/baseline/I017,medium,baseline,1076,20,300,2,20,0.8,ok,,6.543636,INFEASIBLE,,60,70,280
medium/baseline/I017,medium,baseline,1076,20,300,2,20,1.0,ok,,6.524718,INFEASIBLE,,60,70,280
medium/baseline/I017,medium,baseline,1076,20,300,2,20,1.2,ok,,6.527507,INFEASIBLE,,60,70,280
medium/baseline/I017,medium,baseline,1076,20,300,2,50,0.8,ok,,6.576812,INFEASIBLE,,60,70,280
medium/baseline/I017,medium,baseline,1076,20,300,2,50,1.0,ok,,6.539491,INFEASIBLE,,60,70,280
medium/baseline/I017,medium,baseline,1076,20,300,2,50,1.2,ok,,6.498366,INFEASIBLE,,60,70,280
medium/baseline/I017,medium,baseline,1076,20,300,5,5,0.8,ok,,6.53807,INFEASIBLE,,60,70,280
medium/baseline/I017,medium,baseline,1076,20,300,5,5,1.0,ok,,6.559137,INFEASIBLE,,60,70,280
medium/baseline/I017,medium,baseline,1076,20,300,5,5,1.2,ok,,6.543815,INFEASIBLE,,60,70,280
medium/baseline/I017,medium,baseline,1076,20,300,5,10,0.8,ok,,6.578467,INFEASIBLE,,60,70,280
medium/baseline/I017,medium,baseline,1076,20,300,5,10,1.0,ok,,6.533053,INFEASIBLE,,60,70,280
medium/baseline/I017,medium,baseline,1076,20,300,5,10,1.2,ok,,6.535947,INFEASIBLE,,60,70,280
medium/baseline/I017,medium,baseline,1076,20,300,5,20,0.8,ok,,6.55846,INFEASIBLE,,60,70,280
medium/baseline/I017,medium,baseline,1076,20,300,5,20,1.0,ok,,6.557479,INFEASIBLE,,60,70,280
medium/baseline/I017,medium,baseline,1076,20,300,5,20,1.2,ok,,6.557495,INFEASIBLE,,60,70,280
medium/baseline/I017,medium,baseline,1076,20,300,5,50,0.8,ok,,6.539366,INFEASIBLE,,60,70,280
medium/baseline/I017,medium,baseline,1076,20,300,5,50,1.0,ok,,6.552314,INFEASIBLE,,60,70,280
medium/baseline/I017,medium,baseline,1076,20,300,5,50,1.2,ok,,6.522658,INFEASIBLE,,60,70,280
medium/baseline/I018,medium,baseline,1077,20,300,0,5,0.8,ok,,6.292431,INFEASIBLE,,60,69,276
medium/baseline/I018,medium,baseline,1077,20,300,0,5,1.0,ok,,6.291903,INFEASIBLE,,60,69,276
medium/baseline/I018,medium,baseline,1077,20,300,0,5,1.2,ok,,6.250174,INFEASIBLE,,60,69,276
medium/baseline/I018,medium,baseline,1077,20,300,0,10,0.8,ok,,6.272151,INFEASIBLE,,60,69,276
medium/baseline/I018,medium,baseline,1077,20,300,0,10,1.0,ok,,6.310737,INFEASIBLE,,60,69,276
medium/baseline/I018,medium,baseline,1077,20,300,0,10,1.2,ok,,6.258586,INFEASIBLE,,60,69,276
medium/baseline/I018,medium,baseline,1077,20,300,0,20,0.8,ok,,6.322131,INFEASIBLE,,60,69,276
medium/baseline/I018,medium,baseline,1077,20,300,0,20,1.0,ok,,6.318283,INFEASIBLE,,60,69,276
medium/baseline/I018,medium,baseline,1077,20,300,0,20,1.2,ok,,6.330794,INFEASIBLE,,60,69,276
medium/baseline/I018,medium,baseline,1077,20,300,0,50,0.8,ok,,6.307722,INFEASIBLE,,60,69,276
medium/baseline/I018,medium,baseline,1077,20,300,0,50,1.0,ok,,6.298487,INFEASIBLE,,60,69,276
medium/baseline/I018,medium,baseline,1077,20,300,0,50,1.2,ok,,6.29142,INFEASIBLE,,60,69,276
medium/baseline/I018,medium,baseline,1077,20,300,2,5,0.8,ok,,6.417523,INFEASIBLE,,60,69,276
medium/baseline/I018,medium,baseline,1077,20,300,2,5,1.0,ok,,6.357461,INFEASIBLE,,60,69,276
medium/baseline/I018,medium,baseline,1077,20,300,2,5,1.2,ok,,6.421557,INFEASIBLE,,60,69,276
medium/baseline/I018,medium,baseline,1077,20,300,2,10,0.8,ok,,6.424143,INFEASIBLE,,60,69,276
medium/baseline/I018,medium,baseline,1077,20,300,2,10,1.0,ok,,6.391971,INFEASIBLE,,60,69,276
medium/baseline/I018,medium,baseline,1077,20,300,2,10,1.2,ok,,6.364299,INFEASIBLE,,60,69,276
medium/baseline/I018,medium,baseline,1077,20,300,2,20,0.8,ok,,6.372115,INFEASIBLE,,60,69,276
medium/baseline/I018,medium,baseline,1077,20,300,2,20,1.0,ok,,6.420395,INFEASIBLE,,60,69,276
medium/baseline/I018,medium,baseline,1077,20,300,2,20,1.2,ok,,6.378646,INFEASIBLE,,60,69,276
medium/baseline/I018,medium,baseline,1077,20,300,2,50,0.8,ok,,6.421091,INFEASIBLE,,60,69,276
medium/baseline/I018,medium,baseline,1077,20,300,2,50,1.0,ok,,6.393791,INFEASIBLE,,60,69,276
medium/baseline/I018,medium,baseline,1077,20,300,2,50,1.2,ok,,6.425437,INFEASIBLE,,60,69,276
medium/baseline/I018,medium,baseline,1077,20,300,5,5,0.8,ok,,6.392226,INFEASIBLE,,60,69,276
medium/baseline/I018,medium,baseline,1077,20,300,5,5,1.0,ok,,6.399155,INFEASIBLE,,60,69,276
medium/baseline/I018,medium,baseline,1077,20,300,5,5,1.2,ok,,6.408634,INFEASIBLE,,60,69,276
medium/baseline/I018,medium,baseline,1077,20,300,5,10,0.8,ok,,6.414314,INFEASIBLE,,60,69,276
medium/baseline/I018,medium,baseline,1077,20,300,5,10,1.0,ok,,6.4194,INFEASIBLE,,60,69,276
medium/baseline/I018,medium,baseline,1077,20,300,5,10,1.2,ok,,6.433967,INFEASIBLE,,60,69,276
medium/baseline/I018,medium,baseline,1077,20,300,5,20,0.8,ok,,6.432184,INFEASIBLE,,60,69,276
medium/baseline/I018,medium,baseline,1077,20,300,5,20,1.0,ok,,6.380393,INFEASIBLE,,60,69,276
medium/baseline/I018,medium,baseline,1077,20,300,5,20,1.2,ok,,6.375319,INFEASIBLE,,60,69,276
medium/baseline/I018,medium,baseline,1077,20,300,5,50,0.8,ok,,6.373182,INFEASIBLE,,60,69,276
medium/baseline/I018,medium,baseline,1077,20,300,5,50,1.0,ok,,6.401622,INFEASIBLE,,60,69,276
medium/baseline/I018,medium,baseline,1077,20,300,5,50,1.2,ok,,6.421553,INFEASIBLE,,60,69,276
medium/baseline/I019,medium,baseline,1078,20,300,0,5,0.8,ok,,7.064307,INFEASIBLE,,60,75,300
medium/baseline/I019,medium,baseline,1078,20,300,0,5,1.0,ok,,7.096561,INFEASIBLE,,60,75,300
medium/baseline/I019,medium,baseline,1078,20,300,0,5,1.2,ok,,7.095804,INFEASIBLE,,60,75,300
medium/baseline/I019,medium,baseline,1078,20,300,0,10,0.8,ok,,7.1079,INFEASIBLE,,60,75,300
medium/baseline/I019,medium,baseline,1078,20,300,0,10,1.0,ok,,7.054948,INFEASIBLE,,60,75,300
medium/baseline/I019,medium,baseline,1078,20,300,0,10,1.2,ok,,7.098094,INFEASIBLE,,60,75,300
medium/baseline/I019,medium,baseline,1078,20,300,0,20,0.8,ok,,7.113321,INFEASIBLE,,60,75,300
medium/baseline/I019,medium,baseline,1078,20,300,0,20,1.0,ok,,7.145152,INFEASIBLE,,60,75,300
medium/baseline/I019,medium,baseline,1078,20,300,0,20,1.2,ok,,7.12463,INFEASIBLE,,60,75,300
medium/baseline/I019,medium,baseline,1078,20,300,0,50,0.8,ok,,7.036242,INFEASIBLE,,60,75,300
medium/baseline/I019,medium,baseline,1078,20,300,0,50,1.0,ok,,7.065064,INFEASIBLE,,60,75,300
medium/baseline/I019,medium,baseline,1078,20,300,0,50,1.2,ok,,7.109398,INFEASIBLE,,60,75,300
medium/baseline/I019,medium,baseline,1078,20,300,2,5,0.8,ok,,7.206887,INFEASIBLE,,60,75,300
medium/baseline/I019,medium,baseline,1078,20,300,2,5,1.0,ok,,7.20528,INFEASIBLE,,60,75,300
medium/baseline/I019,medium,baseline,1078,20,300,2,5,1.2,ok,,7.236033,INFEASIBLE,,60,75,300
medium/baseline/I019,medium,baseline,1078,20,300,2,10,0.8,ok,,7.255583,INFEASIBLE,,60,75,300
medium/baseline/I019,medium,baseline,1078,20,300,2,10,1.0,ok,,7.215401,INFEASIBLE,,60,75,300
medium/baseline/I019,medium,baseline,1078,20,300,2,10,1.2,ok,,7.20792,INFEASIBLE,,60,75,300
medium/baseline/I019,medium,baseline,1078,20,300,2,20,0.8,ok,,7.230045,INFEASIBLE,,60,75,300
medium/baseline/I019,medium,baseline,1078,20,300,2,20,1.0,ok,,7.24219,INFEASIBLE,,60,75,300
medium/baseline/I019,medium,baseline,1078,20,300,2,20,1.2,ok,,7.240939,INFEASIBLE,,60,75,300
medium/baseline/I019,medium,baseline,1078,20,300,2,50,0.8,ok,,7.241466,INFEASIBLE,,60,75,300
medium/baseline/I019,medium,baseline,1078,20,300,2,50,1.0,ok,,7.227879,INFEASIBLE,,60,75,300
medium/baseline/I019,medium,baseline,1078,20,300,2,50,1.2,ok,,7.21744,INFEASIBLE,,60,75,300
medium/baseline/I019,medium,baseline,1078,20,300,5,5,0.8,ok,,7.200289,INFEASIBLE,,60,75,300
medium/baseline/I019,medium,baseline,1078,20,300,5,5,1.0,ok,,7.24213,INFEASIBLE,,60,75,300
medium/baseline/I019,medium,baseline,1078,20,300,5,5,1.2,ok,,7.234589,INFEASIBLE,,60,75,300
medium/baseline/I019,medium,baseline,1078,20,300,5,10,0.8,ok,,7.259275,INFEASIBLE,,60,75,300
medium/baseline/I019,medium,baseline,1078,20,300,5,10,1.0,ok,,7.259615,INFEASIBLE,,60,75,300
medium/baseline/I019,medium,baseline,1078,20,300,5,10,1.2,ok,,7.255636,INFEASIBLE,,60,75,300
medium/baseline/I019,medium,baseline,1078,20,300,5,20,0.8,ok,,7.244825,INFEASIBLE,,60,75,300
medium/baseline/I019,medium,baseline,1078,20,300,5,20,1.0,ok,,7.296167,INFEASIBLE,,60,75,300
medium/baseline/I019,medium,baseline,1078,20,300,5,20,1.2,ok,,7.298186,INFEASIBLE,,60,75,300
medium/baseline/I019,medium,baseline,1078,20,300,5,50,0.8,ok,,7.269016,INFEASIBLE,,60,75,300
medium/baseline/I019,medium,baseline,1078,20,300,5,50,1.0,ok,,7.245945,INFEASIBLE,,60,75,300
medium/baseline/I019,medium,baseline,1078,20,300,5,50,1.2,ok,,7.320209,INFEASIBLE,,60,75,300
medium/baseline/I020,medium,baseline,1079,20,300,0,5,0.8,ok,,5.613213,INFEASIBLE,,60,64,256
medium/baseline/I020,medium,baseline,1079,20,300,0,5,1.0,ok,,5.670889,INFEASIBLE,,60,64,256
medium/baseline/I020,medium,baseline,1079,20,300,0,5,1.2,ok,,5.678377,INFEASIBLE,,60,64,256
medium/baseline/I020,medium,baseline,1079,20,300,0,10,0.8,ok,,5.659935,INFEASIBLE,,60,64,256
medium/baseline/I020,medium,baseline,1079,20,300,0,10,1.0,ok,,5.670794,INFEASIBLE,,60,64,256
medium/baseline/I020,medium,baseline,1079,20,300,0,10,1.2,ok,,5.654994,INFEASIBLE,,60,64,256
medium/baseline/I020,medium,baseline,1079,20,300,0,20,0.8,ok,,5.667089,INFEASIBLE,,60,64,256
medium/baseline/I020,medium,baseline,1079,20,300,0,20,1.0,ok,,5.634875,INFEASIBLE,,60,64,256
medium/baseline/I020,medium,baseline,1079,20,300,0,20,1.2,ok,,5.659939,INFEASIBLE,,60,64,256
medium/baseline/I020,medium,baseline,1079,20,300,0,50,0.8,ok,,5.671947,INFEASIBLE,,60,64,256
medium/baseline/I020,medium,baseline,1079,20,300,0,50,1.0,ok,,5.670343,INFEASIBLE,,60,64,256
medium/baseline/I020,medium,baseline,1079,20,300,0,50,1.2,ok,,5.662983,INFEASIBLE,,60,64,256
medium/baseline/I020,medium,baseline,1079,20,300,2,5,0.8,ok,,5.732754,INFEASIBLE,,60,64,256
medium/baseline/I020,medium,baseline,1079,20,300,2,5,1.0,ok,,5.76885,INFEASIBLE,,60,64,256
medium/baseline/I020,medium,baseline,1079,20,300,2,5,1.2,ok,,5.745258,INFEASIBLE,,60,64,256
medium/baseline/I020,medium,baseline,1079,20,300,2,10,0.8,ok,,5.724886,INFEASIBLE,,60,64,256
medium/baseline/I020,medium,baseline,1079,20,300,2,10,1.0,ok,,5.75481,INFEASIBLE,,60,64,256
medium/baseline/I020,medium,baseline,1079,20,300,2,10,1.2,ok,,5.708825,INFEASIBLE,,60,64,256
medium/baseline/I020,medium,baseline,1079,20,300,2,20,0.8,ok,,5.766672,INFEASIBLE,,60,64,256
medium/baseline/I020,medium,baseline,1079,20,300,2,20,1.0,ok,,5.752367,INFEASIBLE,,60,64,256
medium/baseline/I020,medium,baseline,1079,20,300,2,20,1.2,ok,,5.713641,INFEASIBLE,,60,64,256
medium/baseline/I020,medium,baseline,1079,20,300,2,50,0.8,ok,,5.776115,INFEASIBLE,,60,64,256
medium/baseline/I020,medium,baseline,1079,20,300,2,50,1.0,ok,,5.749104,INFEASIBLE,,60,64,256
medium/baseline/I020,medium,baseline,1079,20,300,2,50,1.2,ok,,5.707191,INFEASIBLE,,60,64,256
medium/baseline/I020,medium,baseline,1079,20,300,5,5,0.8,ok,,5.759305,INFEASIBLE,,60,64,256
medium/baseline/I020,medium,baseline,1079,20,300,5,5,1.0,ok,,5.753999,INFEASIBLE,,60,64,256
medium/baseline/I020,medium,baseline,1079,20,300,5,5,1.2,ok,,5.710268,INFEASIBLE,,60,64,256
medium/baseline/I020,medium,baseline,1079,20,300,5,10,0.8,ok,,5.748909,INFEASIBLE,,60,64,256
medium/baseline/I020,medium,baseline,1079,20,300,5,10,1.0,ok,,5.763119,INFEASIBLE,,60,64,256
medium/baseline/I020,medium,baseline,1079,20,300,5,10,1.2,ok,,5.729213,INFEASIBLE,,60,64,256
medium/baseline/I020,medium,baseline,1079,20,300,5,20,0.8,ok,,5.772663,INFEASIBLE,,60,64,256
medium/baseline/I020,medium,baseline,1079,20,300,5,20,1.0,ok,,5.726023,INFEASIBLE,,60,64,256
medium/baseline/I020,medium,baseline,1079,20,300,5,20,1.2,ok,,5.736784,INFEASIBLE,,60,64,256
medium/baseline/I020,medium,baseline,1079,20,300,5,50,0.8,ok,,5.751075,INFEASIBLE,,60,64,256
medium/baseline/I020,medium,baseline,1079,20,300,5,50,1.0,ok,,5.778,INFEASIBLE,,60,64,256
medium/baseline/I020,medium,baseline,1079,20,300,5,50,1.2,ok,,5.730407,INFEASIBLE,,60,64,256
