instance_path,meta_scale,meta_scenario,meta_seed,meta_n_orders,time_limit_s,ship_window,run_status,run_elapsed_s,data_dir,out_dir,run_error,status,objective,horizon_days,num_units,num_operations
large/baseline/I001,large,baseline,1120,40,300,2,ok,24.493604,/home/fran/Descargas/sarteco-planner-main/data/benchmark/sarteco_synth_v1/large/baseline/I001,/home/fran/Descargas/sarteco-planner-main/results/sarteco_synth_v1/large/baseline/I001,,INFEASIBLE,,60,157,628
large/baseline/I002,large,baseline,1121,40,300,2,ok,28.984677,/home/fran/Descargas/sarteco-planner-main/data/benchmark/sarteco_synth_v1/large/baseline/I002,/home/fran/Descargas/sarteco-planner-main/results/sarteco_synth_v1/large/baseline/I002,,INFEASIBLE,,60,175,700
large/baseline/I003,large,baseline,1122,40,300,2,ok,30.241072,/home/fran/Descargas/sarteco-planner-main/data/benchmark/sarteco_synth_v1/large/baseline/I003,/home/fran/Descargas/sarteco-planner-main/results/sarteco_synth_v1/large/baseline/I003,,INFEASIBLE,,60,178,712
large/baseline/I004,large,baseline,1123,40,300,2,ok,30.382355,/home/fran/Descargas/sarteco-planner-main/data/benchmark/sarteco_synth_v1/large/baseline/I004,/home/fran/Descargas/sarteco-planner-main/results/sarteco_synth_v1/large/baseline/I004,,INFEASIBLE,,60,180,720
large/baseline/I005,large,baseline,1124,40,300,2,ok,29.835665,/home/fran/Descargas/sarteco-planner-main/data/benchmark/sarteco_synth_v1/large/baseline/I005,/home/fran/Descargas/sarteco-planner-main/results/sarteco_synth_v1/large/baseline/I005,,INFEASIBLE,,60,178,712
large/baseline/I006,large,baseline,1125,40,300,2,ok,31.939655,/home/fran/Descargas/sarteco-planner-main/data/benchmark/sarteco_synth_v1/large/baseline/I006,/home/fran/Descargas/sarteco-planner-main/results/sarteco_synth_v1/large/baseline/I006,,INFEASIBLE,,60,185,740
large/baseline/I007,large,baseline,1126,40,300,2,ok,27.846018,/home/fran/Descargas/sarteco-planner-main/data/benchmark/sarteco_synth_v1/large/baseline/I007,/home/fran/Descargas/sarteco-planner-main/results/sarteco_synth_v1/large/baseline/I007,,INFEASIBLE,,60,171,684
large/baseline/I008,large,baseline,1127,40,300,2,ok,25.74091,/home/fran/Descargas/sarteco-planner-main/data/benchmark/sarteco_synth_v1/large/baseline/I008,/home/fran/Descargas/sarteco-planner-main/results/sarteco_synth_v1/large/baseline/I008,,INFEASIBLE,,58,164,656
large/baseline/I009,large,baseline,1128,40,300,2,ok,34.567949,/home/fran/Descargas/sarteco-planner-main/data/benchmark/sarteco_synth_v1/large/baseline/I009,/home/fran/Descargas/sarteco-planner-main/results/sarteco_synth_v1/large/baseline/I009,,INFEASIBLE,,59,193,772
large/baseline/I010,large,baseline,1129,40,300,2,ok,29.195327,/home/fran/Descargas/sarteco-planner-main/data/benchmark/sarteco_synth_v1/large/baseline/I010,/home/fran/Descargas/sarteco-planner-main/results/sarteco_synth_v1/large/baseline/I010,,INFEASIBLE,,59,176,704
large/baseline/I011,large,baseline,1130,40,300,2,ok,32.295917,/home/fran/Descargas/sarteco-planner-main/data/benchmark/sarteco_synth_v1/large/baseline/I011,/home/fran/Descargas/sarteco-planner-main/results/sarteco_synth_v1/large/baseline/I011,,INFEASIBLE,,60,186,744
large/baseline/I012,large,baseline,1131,40,300,2,ok,28.179635,/home/fran/Descargas/sarteco-planner-main/data/benchmark/sarteco_synth_v1/large/baseline/I012,/home/fran/Descargas/sarteco-planner-main/results/sarteco_synth_v1/large/baseline/I012,,INFEASIBLE,,60,172,688
large/baseline/I013,large,baseline,1132,40,300,2,ok,24.566327,/home/fran/Descargas/sarteco-planner-main/data/benchmark/sarteco_synth_v1/large/baseline/I013,/home/fran/Descargas/sarteco-planner-main/results/sarteco_synth_v1/large/baseline/I013,,INFEASIBLE,,59,159,636
large/baseline/I014,large,baseline,1133,40,300,2,ok,32.329519,/home/fran/Descargas/sarteco-planner-main/data/benchmark/sarteco_synth_v1/large/baseline/I014,/home/fran/Descargas/sarteco-planner-main/results/sarteco_synth_v1/large/baseline/I014,,INFEASIBLE,,60,184,736
large/baseline/I015,large,baseline,1134,40,300,2,ok,29.816478,/home/fran/Descargas/sarteco-planner-main/data/benchmark/sarteco_synth_v1/large/baseline/I015,/home/fran/Descargas/sarteco-planner-main/results/sarteco_synth_v1/large/baseline/I015,,INFEASIBLE,,60,177,708
large/baseline/I016,large,baseline,1135,40,300,2,ok,31.982737,/home/fran/Descargas/sarteco-planner-main/data/benchmark/sarteco_synth_v1/large/baseline/I016,/home/fran/Descargas/sarteco-planner-main/results/sarteco_synth_v1/large/baseline/I016,,INFEASIBLE,,60,185,740
large/baseline/I017,large,baseline,1136,40,300,2,ok,27.799368,/home/fran/Descargas/sarteco-planner-main/data/benchmark/sarteco_synth_v1/large/baseline/I017,/home/fran/Descargas/sarteco-planner-main/results/sarteco_synth_v1/large/baseline/I017,,INFEASIBLE,,60,171,684
large/baseline/I018,large,baseline,1137,40,300,2,ok,26.689059,/home/fran/Descargas/sarteco-planner-main/data/benchmark/sarteco_synth_v1/large/baseline/I018,/home/fran/Descargas/sarteco-planner-main/results/sarteco_synth_v1/large/baseline/I018,,INFEASIBLE,,59,167,668
large/baseline/I019,large,baseline,1138,40,300,2,ok,35.221181,/home/fran/Descargas/sarteco-planner-main/data/benchmark/sarteco_synth_v1/large/baseline/I019,/home/fran/Descargas/sarteco-planner-main/results/sarteco_synth_v1/large/baseline/I019,,INFEASIBLE,,59,196,784
large/baseline/I020,large,baseline,1139,40,300,2,ok,28.39455,/home/fran/Descargas/sarteco-planner-main/data/benchmark/sarteco_synth_v1/large/baseline/I020,/home/fran/Descargas/sarteco-planner-main/results/sarteco_synth_v1/large/baseline/I020,,INFEASIBLE,,60,173,692
large/tight_delivery/I001,large,tight_delivery,1140,40,300,2,ok,19.268539,/home/fran/Descargas/sarteco-planner-main/data/benchmark/sarteco_synth_v1/large/tight_delivery/I001,/home/fran/Descargas/sarteco-planner-main/results/sarteco_synth_v1/large/tight_delivery/I001,,INFEASIBLE,,35,150,600
large/tight_delivery/I002,large,tight_delivery,1141,40,300,2,ok,35.442486,/home/fran/Descargas/sarteco-planner-main/data/benchmark/sarteco_synth_v1/large/tight_delivery/I002,/home/fran/Descargas/sarteco-planner-main/results/sarteco_synth_v1/large/tight_delivery/I002,,INFEASIBLE,,35,209,836
large/tight_delivery/I003,large,tight_delivery,1142,40,300,2,ok,35.190734,/home/fran/Descargas/sarteco-planner-main/data/benchmark/sarteco_synth_v1/large/tight_delivery/I003,/home/fran/Descargas/sarteco-planner-main/results/sarteco_synth_v1/large/tight_delivery/I003,,INFEASIBLE,,35,209,836
large/tight_delivery/I004,large,tight_delivery,1143,40,300,2,ok,24.104743,/home/fran/Descargas/sarteco-planner-main/data/benchmark/sarteco_synth_v1/large/tight_delivery/I004,/home/fran/Descargas/sarteco-planner-main/results/sarteco_synth_v1/large/tight_delivery/I004,,INFEASIBLE,,35,170,680
large/tight_delivery/I005,large,tight_delivery,1144,40,300,2,ok,25.618273,/home/fran/Descargas/sarteco-planner-main/data/benchmark/sarteco_synth_v1/large/tight_delivery/I005,/home/fran/Descargas/sarteco-planner-main/results/sarteco_synth_v1/large/tight_delivery/I005,,INFEASIBLE,,35,176,704
large/tight_delivery/I006,large,tight_delivery,1145,40,300,2,ok,26.259162,/home/fran/Descargas/sarteco-planner-main/data/benchmark/sarteco_synth_v1/large/tight_delivery/I006,/home/fran/Descargas/sarteco-planner-main/results/sarteco_synth_v1/large/tight_delivery/I006,,INFEASIBLE,,35,178,712
large/tight_delivery/I007,large,tight_delivery,1146,40,300,2,ok,24.147255,/home/fran/Descargas/sarteco-planner-main/data/benchmark/sarteco_synth_v1/large/tight_delivery/I007,/home/fran/Descargas/sarteco-planner-main/results/sarteco_synth_v1/large/tight_delivery/I007,,INFEASIBLE,,34,171,684
large/tight_delivery/I008,large,tight_delivery,1147,40,300,2,ok,23.792862,/home/fran/Descargas/sarteco-planner-main/data/benchmark/sarteco_synth_v1/large/tight_delivery/I008,/home/fran/Descargas/sarteco-planner-main/results/sarteco_synth_v1/large/tight_delivery/I008,,INFEASIBLE,,35,169,676
large/tight_delivery/I009,large,tight_delivery,1148,40,300,2,ok,27.011194,/home/fran/Descargas/sarteco-planner-main/data/benchmark/sarteco_synth_v1/large/tight_delivery/I009,/home/fran/Descargas/sarteco-planner-main/results/sarteco_synth_v1/large/tight_delivery/I009,,INFEASIBLE,,35,181,724
large/tight_delivery/I010,large,tight_delivery,1149,40,300,2,ok,25.425102,/home/fran/Descargas/sarteco-planner-main/data/benchmark/sarteco_synth_v1/large/tight_delivery/I010,/home/fran/Descargas/sarteco-planner-main/results/sarteco_synth_v1/large/tight_delivery/I010,,INFEASIBLE,,35,175,700
large/tight_delivery/I011,large,tight_delivery,1150,40,300,2,ok,27.319512,/home/fran/Descargas/sarteco-planner-main/data/benchmark/sarteco_synth_v1/large/tight_delivery/I011,/home/fran/Descargas/sarteco-planner-main/results/sarteco_synth_v1/large/tight_delivery/I011,,INFEASIBLE,,35,182,728
large/tight_delivery/I012,large,tight_delivery,1151,40,300,2,ok,29.063528,/home/fran/Descargas/sarteco-planner-main/data/benchmark/sarteco_synth_v1/large/tight_delivery/I012,/home/fran/Descargas/sarteco-planner-main/results/sarteco_synth_v1/large/tight_delivery/I012,,INFEASIBLE,,35,188,752
large/tight_delivery/I013,large,tight_delivery,1152,40,300,2,ok,27.656658,/home/fran/Descargas/sarteco-planner-main/data/benchmark/sarteco_synth_v1/large/tight_delivery/I013,/home/fran/Descargas/sarteco-planner-main/results/sarteco_synth_v1/large/tight_delivery/I013,,INFEASIBLE,,35,183,732
large/tight_delivery/I014,large,tight_delivery,1153,40,300,2,ok,30.01486,/home/fran/Descargas/sarteco-planner-main/data/benchmark/sarteco_synth_v1/large/tight_delivery/I014,/home/fran/Descargas/sarteco-planner-main/results/sarteco_synth_v1/large/tight_delivery/I014,,INFEASIBLE,,35,191,764
large/tight_delivery/I015,large,tight_delivery,1154,40,300,2,ok,26.030941,/home/fran/Descargas/sarteco-planner-main/data/benchmark/sarteco_synth_v1/large/tight_delivery/I015,/home/fran/Descargas/sarteco-planner-main/results/sarteco_synth_v1/large/tight_delivery/I015,,INFEASIBLE,,35,178,712
large/tight_delivery/I016,large,tight_delivery,1155,40,300,2,ok,23.424588,/home/fran/Descargas/sarteco-planner-main/data/benchmark/sarteco_synth_v1/large/tight_delivery/I016,/home/fran/Descargas/sarteco-planner-main/results/sarteco_synth_v1/large/tight_delivery/I016,,INFEASIBLE,,35,168,672
large/tight_delivery/I017,large,tight_delivery,1156,40,300,2,ok,30.029394,/home/fran/Descargas/sarteco-planner-main/data/benchmark/sarteco_synth_v1/large/tight_delivery/I017,/home/fran/Descargas/sarteco-planner-main/results/sarteco_synth_v1/large/tight_delivery/I017,,INFEASIBLE,,35,192,768
large/tight_delivery/I018,large,tight_delivery,1157,40,300,2,ok,27.890097,/home/fran/Descargas/sarteco-planner-main/data/benchmark/sarteco_synth_v1/large/tight_delivery/I018,/home/fran/Descargas/sarteco-planner-main/results/sarteco_synth_v1/large/tight_delivery/I018,,INFEASIBLE,,35,185,740
large/tight_delivery/I019,large,tight_delivery,1158,40,300,2,ok,27.493486,/home/fran/Descargas/sarteco-planner-main/data/benchmark/sarteco_synth_v1/large/tight_delivery/I019,/home/fran/Descargas/sarteco-planner-main/results/sarteco_synth_v1/large/tight_delivery/I019,,INFEASIBLE,,35,183,732
large/tight_delivery/I020,large,tight_delivery,1159,40,300,2,ok,22.890382,/home/fran/Descargas/sarteco-planner-main/data/benchmark/sarteco_synth_v1/large/tight_delivery/I020,/home/fran/Descargas/sarteco-planner-main/results/sarteco_synth_v1/large/tight_delivery/I020,,INFEASIBLE,,35,166,664
large/tight_storage/I001,large,tight_storage,1160,40,300,2,ok,33.379771,/home/fran/Descargas/sarteco-planner-main/data/benchmark/sarteco_synth_v1/large/tight_storage/I001,/home/fran/Descargas/sarteco-planner-main/results/sarteco_synth_v1/large/tight_storage/I001,,INFEASIBLE,,60,190,760
large/tight_storage/I002,large,tight_storage,1161,40,300,2,ok,26.254804,/home/fran/Descargas/sarteco-planner-main/data/benchmark/sarteco_synth_v1/large/tight_storage/I002,/home/fran/Descargas/sarteco-planner-main/results/sarteco_synth_v1/large/tight_storage/I002,,INFEASIBLE,,60,165,660
large/tight_storage/I003,large,tight_storage,1162,40,300,2,ok,33.221611,/home/fran/Descargas/sarteco-planner-main/data/benchmark/sarteco_synth_v1/large/tight_storage/I003,/home/fran/Descargas/sarteco-planner-main/results/sarteco_synth_v1/large/tight_storage/I003,,INFEASIBLE,,60,189,756
large/tight_storage/I004,large,tight_storage,1163,40,300,2,ok,30.957164,/home/fran/Descargas/sarteco-planner-main/data/benchmark/sarteco_synth_v1/large/tight_storage/I004,/home/fran/Descargas/sarteco-planner-main/results/sarteco_synth_v1/large/tight_storage/I004,,INFEASIBLE,,60,182,728
large/tight_storage/I005,large,tight_storage,1164,40,300,2,ok,28.77586,/home/fran/Descargas/sarteco-planner-main/data/benchmark/sarteco_synth_v1/large/tight_storage/I005,/home/fran/Descargas/sarteco-planner-main/results/sarteco_synth_v1/large/tight_storage/I005,,INFEASIBLE,,60,174,696
large/tight_storage/I006,large,tight_storage,1165,40,300,2,ok,35.441684,/home/fran/Descargas/sarteco-planner-main/data/benchmark/sarteco_synth_v1/large/tight_storage/I006,/home/fran/Descargas/sarteco-planner-main/results/sarteco_synth_v1/large/tight_storage/I006,,INFEASIBLE,,60,197,788
large/tight_storage/I007,large,tight_storage,1166,40,300,2,ok,24.414549,/home/fran/Descargas/sarteco-planner-main/data/benchmark/sarteco_synth_v1/large/tight_storage/I007,/home/fran/Descargas/sarteco-planner-main/results/sarteco_synth_v1/large/tight_storage/I007,,INFEASIBLE,,60,158,632
large/tight_storage/I008,large,tight_storage,1167,40,300,2,ok,38.888335,/home/fran/Descargas/sarteco-planner-main/data/benchmark/sarteco_synth_v1/large/tight_storage/I008,/home/fran/Descargas/sarteco-planner-main/results/sarteco_synth_v1/large/tight_storage/I008,,INFEASIBLE,,60,207,828
large/tight_storage/I009,large,tight_storage,1168,40,300,2,ok,35.639519,/home/fran/Descargas/sarteco-planner-main/data/benchmark/sarteco_synth_v1/large/tight_storage/I009,/home/fran/Descargas/sarteco-planner-main/results/sarteco_synth_v1/large/tight_storage/I009,,INFEASIBLE,,60,197,788
large/tight_storage/I010,large,tight_storage,1169,40,300,2,ok,29.858722,/home/fran/Descargas/sarteco-planner-main/data/benchmark/sarteco_synth_v1/large/tight_storage/I010,/home/fran/Descargas/sarteco-planner-main/results/sarteco_synth_v1/large/tight_storage/I010,,INFEASIBLE,,60,178,712
large/tight_storage/I011,large,tight_storage,1170,40,300,2,ok,25.31962,/home/fran/Descargas/sarteco-planner-main/data/benchmark/sarteco_synth_v1/large/tight_storage/I011,/home/fran/Descargas/sarteco-planner-main/results/sarteco_synth_v1/large/tight_storage/I011,,INFEASIBLE,,60,162,648
large/tight_storage/I012,large,tight_storage,1171,40,300,2,ok,32.171355,/home/fran/Descargas/sarteco-planner-main/data/benchmark/sarteco_synth_v1/large/tight_storage/I012,/home/fran/Descargas/sarteco-planner-main/results/sarteco_synth_v1/large/tight_storage/I012,,INFEASIBLE,,60,186,744
large/tight_storage/I013,large,tight_storage,1172,40,300,2,ok,31.31468,/home/fran/Descargas/sarteco-planner-main/data/benchmark/sarteco_synth_v1/large/tight_storage/I013,/home/fran/Descargas/sarteco-planner-main/results/sarteco_synth_v1/large/tight_storage/I013,,INFEASIBLE,,60,183,732
large/tight_storage/I014,large,tight_storage,1173,40,300,2,ok,30.809553,/home/fran/Descargas/sarteco-planner-main/data/benchmark/sarteco_synth_v1/large/tight_storage/I014,/home/fran/Descargas/sarteco-planner-main/results/sarteco_synth_v1/large/tight_storage/I014,,INFEASIBLE,,60,181,724
large/tight_storage/I015,large,tight_storage,1174,40,300,2,ok,36.870211,/home/fran/Descargas/sarteco-planner-main/data/benchmark/sarteco_synth_v1/large/tight_storage/I015,/home/fran/Descargas/sarteco-planner-main/results/sarteco_synth_v1/large/tight_storage/I015,,INFEASIBLE,,59,201,804
large/tight_storage/I016,large,tight_storage,1175,40,300,2,ok,34.125665,/home/fran/Descargas/sarteco-planner-main/data/benchmark/sarteco_synth_v1/large/tight_storage/I016,/home/fran/Descargas/sarteco-planner-main/results/sarteco_synth_v1/large/tight_storage/I016,,INFEASIBLE,,60,192,768
large/tight_storage/I017,large,tight_storage,1176,40,300,2,ok,27.327008,/home/fran/Descargas/sarteco-planner-main/data/benchmark/sarteco_synth_v1/large/tight_storage/I017,/home/fran/Descargas/sarteco-planner-main/results/sarteco_synth_v1/large/tight_storage/I017,,INFEASIBLE,,59,169,676
large/tight_storage/I018,large,tight_storage,1177,40,300,2,ok,30.141352,/home/fran/Descargas/sarteco-planner-main/data/benchmark/sarteco_synth_v1/large/tight_storage/I018,/home/fran/Descargas/sarteco-planner-main/results/sarteco_synth_v1/large/tight_storage/I018,,INFEASIBLE,,60,179,716
large/tight_storage/I019,large,tight_storage,1178,40,300,2,ok,34.398074,/home/fran/Descargas/sarteco-planner-main/data/benchmark/sarteco_synth_v1/large/tight_storage/I019,/home/fran/Descargas/sarteco-planner-main/results/sarteco_synth_v1/large/tight_storage/I019,,INFEASIBLE,,60,193,772
large/tight_storage/I020,large,tight_storage,1179,40,300,2,ok,29.247324,/home/fran/Descargas/sarteco-planner-main/data/benchmark/sarteco_synth_v1/large/tight_storage/I020,/home/fran/Descargas/sarteco-planner-main/results/sarteco_synth_v1/large/tight_storage/I020,,INFEASIBLE,,59,176,704
medium/baseline/I001,medium,baseline,1060,20,300,2,ok,6.06982,/home/fran/Descargas/sarteco-planner-main/data/benchmark/sarteco_synth_v1/medium/baseline/I001,/home/fran/Descargas/sarteco-planner-main/results/sarteco_synth_v1/medium/baseline/I001,,INFEASIBLE,,60,66,264
medium/baseline/I002,medium,baseline,1061,20,300,2,ok,6.786047,/home/fran/Descargas/sarteco-planner-main/data/benchmark/sarteco_synth_v1/medium/baseline/I002,/home/fran/Descargas/sarteco-planner-main/results/sarteco_synth_v1/medium/baseline/I002,,INFEASIBLE,,60,71,284
medium/baseline/I003,medium,baseline,1062,20,300,2,ok,5.212493,/home/fran/Descargas/sarteco-planner-main/data/benchmark/sarteco_synth_v1/medium/baseline/I003,/home/fran/Descargas/sarteco-planner-main/results/sarteco_synth_v1/medium/baseline/I003,,INFEASIBLE,,58,60,240
medium/baseline/I004,medium,baseline,1063,20,300,2,ok,6.100061,/home/fran/Descargas/sarteco-planner-main/data/benchmark/sarteco_synth_v1/medium/baseline/I004,/home/fran/Descargas/sarteco-planner-main/results/sarteco_synth_v1/medium/baseline/I004,,INFEASIBLE,,58,67,268
medium/baseline/I005,medium,baseline,1064,20,300,2,ok,5.203878,/home/fran/Descargas/sarteco-planner-main/data/benchmark/sarteco_synth_v1/medium/baseline/I005,/home/fran/Descargas/sarteco-planner-main/results/sarteco_synth_v1/medium/baseline/I005,,INFEASIBLE,,58,60,240
medium/baseline/I006,medium,baseline,1065,20,300,2,ok,4.169062,/home/fran/Descargas/sarteco-planner-main/data/benchmark/sarteco_synth_v1/medium/baseline/I006,/home/fran/Descargas/sarteco-planner-main/results/sarteco_synth_v1/medium/baseline/I006,,INFEASIBLE,,60,51,204
medium/baseline/I007,medium,baseline,1066,20,300,2,ok,4.885131,/home/fran/Descargas/sarteco-planner-main/data/benchmark/sarteco_synth_v1/medium/baseline/I007,/home/fran/Descargas/sarteco-planner-main/results/sarteco_synth_v1/medium/baseline/I007,,INFEASIBLE,,59,57,228
medium/baseline/I008,medium,baseline,1067,20,300,2,ok,6.343235,/home/fran/Descargas/sarteco-planner-main/data/benchmark/sarteco_synth_v1/medium/baseline/I008,/home/fran/Descargas/sarteco-planner-main/results/sarteco_synth_v1/medium/baseline/I008,,INFEASIBLE,,60,68,272
medium/baseline/I009,medium,baseline,1068,20,300,2,ok,6.107567,/home/fran/Descargas/sarteco-planner-main/data/benchmark/sarteco_synth_v1/medium/baseline/I009,/home/fran/Descargas/sarteco-planner-main/results/sarteco_synth_v1/medium/baseline/I009,,INFEASIBLE,,60,66,264
medium/baseline/I010,medium,baseline,1069,20,300,2,ok,4.81847,/home/fran/Descargas/sarteco-planner-main/data/benchmark/sarteco_synth_v1/medium/baseline/I010,/home/fran/Descargas/sarteco-planner-main/results/sarteco_synth_v1/medium/baseline/I010,,INFEASIBLE,,60,56,224
medium/baseline/I011,medium,baseline,1070,20,300,2,ok,7.200195,/home/fran/Descargas/sarteco-planner-main/data/benchmark/sarteco_synth_v1/medium/baseline/I011,/home/fran/Descargas/sarteco-planner-main/results/sarteco_synth_v1/medium/baseline/I011,,INFEASIBLE,,59,74,296
medium/baseline/I012,medium,baseline,1071,20,300,2,ok,6.572353,/home/fran/Descargas/sarteco-planner-main/data/benchmark/sarteco_synth_v1/medium/baseline/I012,/home/fran/Descargas/sarteco-planner-main/results/sarteco_synth_v1/medium/baseline/I012,,INFEASIBLE,,59,70,280
medium/baseline/I013,medium,baseline,1072,20,300,2,ok,7.16212,/home/fran/Descargas/sarteco-planner-main/data/benchmark/sarteco_synth_v1/medium/baseline/I013,/home/fran/Descargas/sarteco-planner-main/results/sarteco_synth_v1/medium/baseline/I013,,INFEASIBLE,,60,74,296
medium/baseline/I014,medium,baseline,1073,20,300,2,ok,9.170341,/home/fran/Descargas/sarteco-planner-main/data/benchmark/sarteco_synth_v1/medium/baseline/I014,/home/fran/Descargas/sarteco-planner-main/results/sarteco_synth_v1/medium/baseline/I014,,INFEASIBLE,,59,87,348
medium/baseline/I015,medium,baseline,1074,20,300,2,ok,7.910001,/home/fran/Descargas/sarteco-planner-main/data/benchmark/sarteco_synth_v1/medium/baseline/I015,/home/fran/Descargas/sarteco-planner-main/results/sarteco_synth_v1/medium/baseline/I015,,INFEASIBLE,,60,79,316
medium/baseline/I016,medium,baseline,1075,20,300,2,ok,5.480919,/home/fran/Descargas/sarteco-planner-main/data/benchmark/sarteco_synth_v1/medium/baseline/I016,/home/fran/Descargas/sarteco-planner-main/results/sarteco_synth_v1/medium/baseline/I016,,INFEASIBLE,,59,62,248
medium/baseline/I017,medium,baseline,1076,20,300,2,ok,6.803893,/home/fran/Descargas/sarteco-planner-main/data/benchmark/sarteco_synth_v1/medium/baseline/I017,/home/fran/Descargas/sarteco-planner-main/results/sarteco_synth_v1/medium/baseline/I017,,INFEASIBLE,,60,70,280
medium/baseline/I018,medium,baseline,1077,20,300,2,ok,6.738322,/home/fran/Descargas/sarteco-planner-main/data/benchmark/sarteco_synth_v1/medium/baseline/I018,/home/fran/Descargas/sarteco-planner-main/results/sarteco_synth_v1/medium/baseline/I018,,INFEASIBLE,,60,69,276
medium/baseline/I019,medium,baseline,1078,20,300,2,ok,7.527618,/home/fran/Descargas/sarteco-planner-main/data/benchmark/sarteco_synth_v1/medium/baseline/I019,/home/fran/Descargas/sarteco-planner-main/results/sarteco_synth_v1/medium/baseline/I019,,INFEASIBLE,,60,75,300
medium/baseline/I020,medium,baseline,1079,20,300,2,ok,5.802993,/home/fran/Descargas/sarteco-planner-main/data/benchmark/sarteco_synth_v1/medium/baseline/I020,/home/fran/Descargas/sarteco-planner-main/results/sarteco_synth_v1/medium/baseline/I020,,INFEASIBLE,,60,64,256
medium/tight_delivery/I001,medium,tight_delivery,1080,20,300,2,ok,4.697183,/home/fran/Descargas/sarteco-planner-main/data/benchmark/sarteco_synth_v1/medium/tight_delivery/I001,/home/fran/Descargas/sarteco-planner-main/results/sarteco_synth_v1/medium/tight_delivery/I001,,INFEASIBLE,,35,66,264
medium/tight_delivery/I002,medium,tight_delivery,1081,20,300,2,ok,5.188566,/home/fran/Descargas/sarteco-planner-main/data/benchmark/sarteco_synth_v1/medium/tight_delivery/I002,/home/fran/Descargas/sarteco-planner-main/results/sarteco_synth_v1/medium/tight_delivery/I002,,INFEASIBLE,,35,70,280
medium/tight_delivery/I003,medium,tight_delivery,1082,20,300,2,ok,5.056219,/home/fran/Descargas/sarteco-planner-main/data/benchmark/sarteco_synth_v1/medium/tight_delivery/I003,/home/fran/Descargas/sarteco-planner-main/results/sarteco_synth_v1/medium/tight_delivery/I003,,INFEASIBLE,,33,70,280
medium/tight_delivery/I004,medium,tight_delivery,1083,20,300,2,ok,4.678737,/home/fran/Descargas/sarteco-planner-main/data/benchmark/sarteco_synth_v1/medium/tight_delivery/I004,/home/fran/Descargas/sarteco-planner-main/results/sarteco_synth_v1/medium/tight_delivery/I004,,INFEASIBLE,,35,66,264
medium/tight_delivery/I005,medium,tight_delivery,1084,20,300,2,ok,4.74033,/home/fran/Descargas/sarteco-planner-main/data/benchmark/sarteco_synth_v1/medium/tight_delivery/I005,/home/fran/Descargas/sarteco-planner-main/results/sarteco_synth_v1/medium/tight_delivery/I005,,INFEASIBLE,,35,66,264
medium/tight_delivery/I006,medium,tight_delivery,1085,20,300,2,ok,4.406803,/home/fran/Descargas/sarteco-planner-main/data/benchmark/sarteco_synth_v1/medium/tight_delivery/I006,/home/fran/Descargas/sarteco-planner-main/results/sarteco_synth_v1/medium/tight_delivery/I006,,INFEASIBLE,,34,64,256
medium/tight_delivery/I007,medium,tight_delivery,1086,20,300,2,ok,3.691092,/home/fran/Descargas/sarteco-planner-main/data/benchmark/sarteco_synth_v1/medium/tight_delivery/I007,/home/fran/Descargas/sarteco-planner-main/results/sarteco_synth_v1/medium/tight_delivery/I007,,INFEASIBLE,,35,57,228
medium/tight_delivery/I008,medium,tight_delivery,1087,20,300,2,ok,4.899063,/home/fran/Descargas/sarteco-planner-main/data/benchmark/sarteco_synth_v1/medium/tight_delivery/I008,/home/fran/Descargas/sarteco-planner-main/results/sarteco_synth_v1/medium/tight_delivery/I008,,INFEASIBLE,,35,68,272
medium/tight_delivery/I009,medium,tight_delivery,1088,20,300,2,ok,4.597705,/home/fran/Descargas/sarteco-planner-main/data/benchmark/sarteco_synth_v1/medium/tight_delivery/I009,/home/fran/Descargas/sarteco-planner-main/results/sarteco_synth_v1/medium/tight_delivery/I009,,INFEASIBLE,,35,65,260
medium/tight_delivery/I010,medium,tight_delivery,1089,20,300,2,ok,5.17863,/home/fran/Descargas/sarteco-planner-main/data/benchmark/sarteco_synth_v1/medium/tight_delivery/I010,/home/fran/Descargas/sarteco-planner-main/results/sarteco_synth_v1/medium/tight_delivery/I010,,INFEASIBLE,,35,70,280
medium/tight_delivery/I011,medium,tight_delivery,1090,20,300,2,ok,4.187055,/home/fran/Descargas/sarteco-planner-main/data/benchmark/sarteco_synth_v1/medium/tight_delivery/I011,/home/fran/Descargas/sarteco-planner-main/results/sarteco_synth_v1/medium/tight_delivery/I011,,INFEASIBLE,,34,62,248
medium/tight_delivery/I012,medium,tight_delivery,1091,20,300,2,ok,3.963249,/home/fran/Descargas/sarteco-planner-main/data/benchmark/sarteco_synth_v1/medium/tight_delivery/I012,/home/fran/Descargas/sarteco-planner-main/results/sarteco_synth_v1/medium/tight_delivery/I012,,INFEASIBLE,,34,60,240
medium/tight_delivery/I013,medium,tight_delivery,1092,20,300,2,ok,5.536241,/home/fran/Descargas/sarteco-planner-main/data/benchmark/sarteco_synth_v1/medium/tight_delivery/I013,/home/fran/Descargas/sarteco-planner-main/results/sarteco_synth_v1/medium/tight_delivery/I013,,INFEASIBLE,,35,73,292
medium/tight_delivery/I014,medium,tight_delivery,1093,20,300,2,ok,5.323198,/home/fran/Descargas/sarteco-planner-main/data/benchmark/sarteco_synth_v1/medium/tight_delivery/I014,/home/fran/Descargas/sarteco-planner-main/results/sarteco_synth_v1/medium/tight_delivery/I014,,INFEASIBLE,,33,72,288
medium/tight_delivery/I015,medium,tight_delivery,1094,20,300,2,ok,5.793236,/home/fran/Descargas/sarteco-planner-main/data/benchmark/sarteco_synth_v1/medium/tight_delivery/I015,/home/fran/Descargas/sarteco-planner-main/results/sarteco_synth_v1/medium/tight_delivery/I015,,INFEASIBLE,,35,75,300
medium/tight_delivery/I016,medium,tight_delivery,1095,20,300,2,ok,4.707273,/home/fran/Descargas/sarteco-planner-main/data/benchmark/sarteco_synth_v1/medium/tight_delivery/I016,/home/fran/Descargas/sarteco-planner-main/results/sarteco_synth_v1/medium/tight_delivery/I016,,INFEASIBLE,,35,66,264
medium/tight_delivery/I017,medium,tight_delivery,1096,20,300,2,ok,3.97872,/home/fran/Descargas/sarteco-planner-main/data/benchmark/sarteco_synth_v1/medium/tight_delivery/I017,/home/fran/Descargas/sarteco-planner-main/results/sarteco_synth_v1/medium/tight_delivery/I017,,INFEASIBLE,,34,60,240
medium/tight_delivery/I018,medium,tight_delivery,1097,20,300,2,ok,5.903705,/home/fran/Descargas/sarteco-planner-main/data/benchmark/sarteco_synth_v1/medium/tight_delivery/I018,/home/fran/Descargas/sarteco-planner-main/results/sarteco_synth_v1/medium/tight_delivery/I018,,INFEASIBLE,,35,76,304
medium/tight_delivery/I019,medium,tight_delivery,1098,20,300,2,ok,6.226803,/home/fran/Descargas/sarteco-planner-main/data/benchmark/sarteco_synth_v1/medium/tight_delivery/I019,/home/fran/Descargas/sarteco-planner-main/results/sarteco_synth_v1/medium/tight_delivery/I019,,INFEASIBLE,,34,79,316
medium/tight_delivery/I020,medium,tight_delivery,1099,20,300,2,ok,4.617946,/home/fran/Descargas/sarteco-planner-main/data/benchmark/sarteco_synth_v1/medium/tight_delivery/I020,/home/fran/Descargas/sarteco-planner-main/results/sarteco_synth_v1/medium/tight_delivery/I020,,INFEASIBLE,,35,65,260
medium/tight_storage/I001,medium,tight_storage,1100,20,300,2,ok,5.672649,/home/fran/Descargas/sarteco-planner-main/data/benchmark/sarteco_synth_v1/medium/tight_storage/I001,/home/fran/Descargas/sarteco-planner-main/results/sarteco_synth_v1/medium/tight_storage/I001,,INFEASIBLE,,60,63,252
medium/tight_storage/I002,medium,tight_storage,1101,20,300,2,ok,6.77721,/home/fran/Descargas/sarteco-planner-main/data/benchmark/sarteco_synth_v1/medium/tight_storage/I002,/home/fran/Descargas/sarteco-planner-main/results/sarteco_synth_v1/medium/tight_storage/I002,,INFEASIBLE,,60,71,284
medium/tight_storage/I003,medium,tight_storage,1102,20,300,2,ok,6.651832,/home/fran/Descargas/sarteco-planner-main/data/benchmark/sarteco_synth_v1/medium/tight_storage/I003,/home/fran/Descargas/sarteco-planner-main/results/sarteco_synth_v1/medium/tight_storage/I003,,INFEASIBLE,,60,70,280
medium/tight_storage/I004,medium,tight_storage,1103,20,300,2,ok,7.932054,/home/fran/Descargas/sarteco-planner-main/data/benchmark/sarteco_synth_v1/medium/tight_storage/I004,/home/fran/Descargas/sarteco-planner-main/results/sarteco_synth_v1/medium/tight_storage/I004,,INFEASIBLE,,60,79,316
medium/tight_storage/I005,medium,tight_storage,1104,20,300,2,ok,5.341451,/home/fran/Descargas/sarteco-planner-main/data/benchmark/sarteco_synth_v1/medium/tight_storage/I005,/home/fran/Descargas/sarteco-planner-main/results/sarteco_synth_v1/medium/tight_storage/I005,,INFEASIBLE,,59,61,244
medium/tight_storage/I006,medium,tight_storage,1105,20,300,2,ok,6.568147,/home/fran/Descargas/sarteco-planner-main/data/benchmark/sarteco_synth_v1/medium/tight_storage/I006,/home/fran/Descargas/sarteco-planner-main/results/sarteco_synth_v1/medium/tight_storage/I006,,INFEASIBLE,,58,70,280
medium/tight_storage/I007,medium,tight_storage,1106,20,300,2,ok,5.567522,/home/fran/Descargas/sarteco-planner-main/data/benchmark/sarteco_synth_v1/medium/tight_storage/I007,/home/fran/Descargas/sarteco-planner-main/results/sarteco_synth_v1/medium/tight_storage/I007,,INFEASIBLE,,53,65,260
medium/tight_storage/I008,medium,tight_storage,1107,20,300,2,ok,5.180958,/home/fran/Descargas/sarteco-planner-main/data/benchmark/sarteco_synth_v1/medium/tight_storage/I008,/home/fran/Descargas/sarteco-planner-main/results/sarteco_synth_v1/medium/tight_storage/I008,,INFEASIBLE,,59,60,240
medium/tight_storage/I009,medium,tight_storage,1108,20,300,2,ok,7.170717,/home/fran/Descargas/sarteco-planner-main/data/benchmark/sarteco_synth_v1/medium/tight_storage/I009,/home/fran/Descargas/sarteco-planner-main/results/sarteco_synth_v1/medium/tight_storage/I009,,INFEASIBLE,,60,74,296
medium/tight_storage/I010,medium,tight_storage,1109,20,300,2,ok,5.420119,/home/fran/Descargas/sarteco-planner-main/data/benchmark/sarteco_synth_v1/medium/tight_storage/I010,/home/fran/Descargas/sarteco-planner-main/results/sarteco_synth_v1/medium/tight_storage/I010,,INFEASIBLE,,60,61,244
medium/tight_storage/I011,medium,tight_storage,1110,20,300,2,ok,7.411112,/home/fran/Descargas/sarteco-planner-main/data/benchmark/sarteco_synth_v1/medium/tight_storage/I011,/home/fran/Descargas/sarteco-planner-main/results/sarteco_synth_v1/medium/tight_storage/I011,,INFEASIBLE,,59,76,304
medium/tight_storage/I012,medium,tight_storage,1111,20,300,2,ok,5.411118,/home/fran/Descargas/sarteco-planner-main/data/benchmark/sarteco_synth_v1/medium/tight_storage/I012,/home/fran/Descargas/sarteco-planner-main/results/sarteco_synth_v1/medium/tight_storage/I012,,INFEASIBLE,,58,62,248
medium/tight_storage/I013,medium,tight_storage,1112,20,300,2,ok,8.043735,/home/fran/Descargas/sarteco-planner-main/data/benchmark/sarteco_synth_v1/medium/tight_storage/I013,/home/fran/Descargas/sarteco-planner-main/results/sarteco_synth_v1/medium/tight_storage/I013,,INFEASIBLE,,60,80,320
medium/tight_storage/I014,medium,tight_storage,1113,20,300,2,ok,6.407894,/home/fran/Descargas/sarteco-planner-main/data/benchmark/sarteco_synth_v1/medium/tight_storage/I014,/home/fran/Descargas/sarteco-planner-main/results/sarteco_synth_v1/medium/tight_storage/I014,,INFEASIBLE,,60,69,276
medium/tight_storage/I015,medium,tight_storage,1114,20,300,2,ok,5.679443,/home/fran/Descargas/sarteco-planner-main/data/benchmark/sarteco_synth_v1/medium/tight_storage/I015,/home/fran/Descargas/sarteco-planner-main/results/sarteco_synth_v1/medium/tight_storage/I015,,INFEASIBLE,,60,63,252
medium/tight_storage/I016,medium,tight_storage,1115,20,300,2,ok,5.411943,/home/fran/Descargas/sarteco-planner-main/data/benchmark/sarteco_synth_v1/medium/tight_storage/I016,/home/fran/Descargas/sarteco-planner-main/results/sarteco_synth_v1/medium/tight_storage/I016,,INFEASIBLE,,60,61,244
medium/tight_storage/I017,medium,tight_storage,1116,20,300,2,ok,7.417074,/home/fran/Descargas/sarteco-planner-main/data/benchmark/sarteco_synth_v1/medium/tight_storage/I017,/home/fran/Descargas/sarteco-planner-main/results/sarteco_synth_v1/medium/tight_storage/I017,,INFEASIBLE,,57,77,308
medium/tight_storage/I018,medium,tight_storage,1117,20,300,2,ok,6.910902,/home/fran/Descargas/sarteco-planner-main/data/benchmark/sarteco_synth_v1/medium/tight_storage/I018,/home/fran/Descargas/sarteco-planner-main/results/sarteco_synth_v1/medium/tight_storage/I018,,INFEASIBLE,,60,72,288
medium/tight_storage/I019,medium,tight_storage,1118,20,300,2,ok,8.720792,/home/fran/Descargas/sarteco-planner-main/data/benchmark/sarteco_synth_v1/medium/tight_storage/I019,/home/fran/Descargas/sarteco-planner-main/results/sarteco_synth_v1/medium/tight_storage/I019,,INFEASIBLE,,60,84,336
medium/tight_storage/I020,medium,tight_storage,1119,20,300,2,ok,7.282156,/home/fran/Descargas/sarteco-planner-main/data/benchmark/sarteco_synth_v1/medium/tight_storage/I020,/home/fran/Descargas/sarteco-planner-main/results/sarteco_synth_v1/medium/tight_storage/I020,,INFEASIBLE,,57,76,304
small/baseline/I001,small,baseline,1000,10,300,2,ok,4.275646,/home/fran/Descargas/sarteco-planner-main/data/benchmark/sarteco_synth_v1/small/baseline/I001,/home/fran/Descargas/sarteco-planner-main/results/sarteco_synth_v1/small/baseline/I001,,OPTIMAL,107.0,58,20,80
small/baseline/I002,small,baseline,1001,10,300,2,ok,6.525773,/home/fran/Descargas/sarteco-planner-main/data/benchmark/sarteco_synth_v1/small/baseline/I002,/home/fran/Descargas/sarteco-planner-main/results/sarteco_synth_v1/small/baseline/I002,,OPTIMAL,124.0,57,24,96
small/baseline/I003,small,baseline,1002,10,300,2,ok,10.528908,/home/fran/Descargas/sarteco-planner-main/data/benchmark/sarteco_synth_v1/small/baseline/I003,/home/fran/Descargas/sarteco-planner-main/results/sarteco_synth_v1/small/baseline/I003,,OPTIMAL,149.0,60,29,116
small/baseline/I004,small,baseline,1003,10,300,2,ok,5.424524,/home/fran/Descargas/sarteco-planner-main/data/benchmark/sarteco_synth_v1/small/baseline/I004,/home/fran/Descargas/sarteco-planner-main/results/sarteco_synth_v1/small/baseline/I004,,OPTIMAL,114.0,60,22,88
small/baseline/I005,small,baseline,1004,10,300,2,ok,5.538558,/home/fran/Descargas/sarteco-planner-main/data/benchmark/sarteco_synth_v1/small/baseline/I005,/home/fran/Descargas/sarteco-planner-main/results/sarteco_synth_v1/small/baseline/I005,,OPTIMAL,118.0,58,22,88
small/baseline/I006,small,baseline,1005,10,300,2,ok,6.94716,/home/fran/Descargas/sarteco-planner-main/data/benchmark/sarteco_synth_v1/small/baseline/I006,/home/fran/Descargas/sarteco-planner-main/results/sarteco_synth_v1/small/baseline/I006,,OPTIMAL,130.0,58,25,100
small/baseline/I007,small,baseline,1006,10,300,2,ok,4.721522,/home/fran/Descargas/sarteco-planner-main/data/benchmark/sarteco_synth_v1/small/baseline/I007,/home/fran/Descargas/sarteco-planner-main/results/sarteco_synth_v1/small/baseline/I007,,OPTIMAL,104.0,59,20,80
small/baseline/I008,small,baseline,1007,10,300,2,ok,8.163058,/home/fran/Descargas/sarteco-planner-main/data/benchmark/sarteco_synth_v1/small/baseline/I008,/home/fran/Descargas/sarteco-planner-main/results/sarteco_synth_v1/small/baseline/I008,,OPTIMAL,136.0,59,26,104
small/baseline/I009,small,baseline,1008,10,300,2,ok,6.45171,/home/fran/Descargas/sarteco-planner-main/data/benchmark/sarteco_synth_v1/small/baseline/I009,/home/fran/Descargas/sarteco-planner-main/results/sarteco_synth_v1/small/baseline/I009,,OPTIMAL,126.0,51,25,100
small/baseline/I010,small,baseline,1009,10,300,2,ok,4.793033,/home/fran/Descargas/sarteco-planner-main/data/benchmark/sarteco_synth_v1/small/baseline/I010,/home/fran/Descargas/sarteco-planner-main/results/sarteco_synth_v1/small/baseline/I010,,OPTIMAL,105.0,59,20,80
small/baseline/I011,small,baseline,1010,10,300,2,ok,6.118697,/home/fran/Descargas/sarteco-planner-main/data/benchmark/sarteco_synth_v1/small/baseline/I011,/home/fran/Descargas/sarteco-planner-main/results/sarteco_synth_v1/small/baseline/I011,,OPTIMAL,125.0,57,23,92
small/baseline/I012,small,baseline,1011,10,300,2,ok,8.421406,/home/fran/Descargas/sarteco-planner-main/data/benchmark/sarteco_synth_v1/small/baseline/I012,/home/fran/Descargas/sarteco-planner-main/results/sarteco_synth_v1/small/baseline/I012,,OPTIMAL,143.0,57,28,112
small/baseline/I013,small,baseline,1012,10,300,2,ok,12.511167,/home/fran/Descargas/sarteco-planner-main/data/benchmark/sarteco_synth_v1/small/baseline/I013,/home/fran/Descargas/sarteco-planner-main/results/sarteco_synth_v1/small/baseline/I013,,OPTIMAL,173.0,57,32,128
small/baseline/I014,small,baseline,1013,10,300,2,ok,3.463676,/home/fran/Descargas/sarteco-planner-main/data/benchmark/sarteco_synth_v1/small/baseline/I014,/home/fran/Descargas/sarteco-planner-main/results/sarteco_synth_v1/small/baseline/I014,,OPTIMAL,82.0,59,16,64
small/baseline/I015,small,baseline,1014,10,300,2,ok,7.555764,/home/fran/Descargas/sarteco-planner-main/data/benchmark/sarteco_synth_v1/small/baseline/I015,/home/fran/Descargas/sarteco-planner-main/results/sarteco_synth_v1/small/baseline/I015,,OPTIMAL,136.0,59,26,104
small/baseline/I016,small,baseline,1015,10,300,2,ok,5.169288,/home/fran/Descargas/sarteco-planner-main/data/benchmark/sarteco_synth_v1/small/baseline/I016,/home/fran/Descargas/sarteco-planner-main/results/sarteco_synth_v1/small/baseline/I016,,OPTIMAL,123.0,58,22,88
small/baseline/I017,small,baseline,1016,10,300,2,ok,11.220964,/home/fran/Descargas/sarteco-planner-main/data/benchmark/sarteco_synth_v1/small/baseline/I017,/home/fran/Descargas/sarteco-planner-main/results/sarteco_synth_v1/small/baseline/I017,,OPTIMAL,155.0,60,30,120
small/baseline/I018,small,baseline,1017,10,300,2,ok,3.393802,/home/fran/Descargas/sarteco-planner-main/data/benchmark/sarteco_synth_v1/small/baseline/I018,/home/fran/Descargas/sarteco-planner-main/results/sarteco_synth_v1/small/baseline/I018,,OPTIMAL,92.0,54,18,72
small/baseline/I019,small,baseline,1018,10,300,2,ok,5.919806,/home/fran/Descargas/sarteco-planner-main/data/benchmark/sarteco_synth_v1/small/baseline/I019,/home/fran/Descargas/sarteco-planner-main/results/sarteco_synth_v1/small/baseline/I019,,OPTIMAL,132.0,51,25,100
small/baseline/I020,small,baseline,1019,10,300,2,ok,4.844114,/home/fran/Descargas/sarteco-planner-main/data/benchmark/sarteco_synth_v1/small/baseline/I020,/home/fran/Descargas/sarteco-planner-main/results/sarteco_synth_v1/small/baseline/I020,,OPTIMAL,111.0,53,22,88
small/tight_delivery/I001,small,tight_delivery,1020,10,300,2,ok,1.129817,/home/fran/Descargas/sarteco-planner-main/data/benchmark/sarteco_synth_v1/small/tight_delivery/I001,/home/fran/Descargas/sarteco-planner-main/results/sarteco_synth_v1/small/tight_delivery/I001,,INFEASIBLE,,35,25,100
small/tight_delivery/I002,small,tight_delivery,1021,10,300,2,ok,1.143943,/home/fran/Descargas/sarteco-planner-main/data/benchmark/sarteco_synth_v1/small/tight_delivery/I002,/home/fran/Descargas/sarteco-planner-main/results/sarteco_synth_v1/small/tight_delivery/I002,,INFEASIBLE,,33,26,104
small/tight_delivery/I003,small,tight_delivery,1022,10,300,2,ok,1.11306,/home/fran/Descargas/sarteco-planner-main/data/benchmark/sarteco_synth_v1/small/tight_delivery/I003,/home/fran/Descargas/sarteco-planner-main/results/sarteco_synth_v1/small/tight_delivery/I003,,INFEASIBLE,,33,26,104
small/tight_delivery/I004,small,tight_delivery,1023,10,300,2,ok,1.106904,/home/fran/Descargas/sarteco-planner-main/data/benchmark/sarteco_synth_v1/small/tight_delivery/I004,/home/fran/Descargas/sarteco-planner-main/results/sarteco_synth_v1/small/tight_delivery/I004,,INFEASIBLE,,34,25,100
small/tight_delivery/I005,small,tight_delivery,1024,10,300,2,ok,0.931366,/home/fran/Descargas/sarteco-planner-main/data/benchmark/sarteco_synth_v1/small/tight_delivery/I005,/home/fran/Descargas/sarteco-planner-main/results/sarteco_synth_v1/small/tight_delivery/I005,,INFEASIBLE,,35,22,88
small/tight_delivery/I006,small,tight_delivery,1025,10,300,2,ok,0.859851,/home/fran/Descargas/sarteco-planner-main/data/benchmark/sarteco_synth_v1/small/tight_delivery/I006,/home/fran/Descargas/sarteco-planner-main/results/sarteco_synth_v1/small/tight_delivery/I006,,INFEASIBLE,,33,21,84
small/tight_delivery/I007,small,tight_delivery,1026,10,300,2,ok,1.061502,/home/fran/Descargas/sarteco-planner-main/data/benchmark/sarteco_synth_v1/small/tight_delivery/I007,/home/fran/Descargas/sarteco-planner-main/results/sarteco_synth_v1/small/tight_delivery/I007,,INFEASIBLE,,35,24,96
small/tight_delivery/I008,small,tight_delivery,1027,10,300,2,ok,1.367058,/home/fran/Descargas/sarteco-planner-main/data/benchmark/sarteco_synth_v1/small/tight_delivery/I008,/home/fran/Descargas/sarteco-planner-main/results/sarteco_synth_v1/small/tight_delivery/I008,,INFEASIBLE,,35,29,116
small/tight_delivery/I009,small,tight_delivery,1028,10,300,2,ok,1.097156,/home/fran/Descargas/sarteco-planner-main/data/benchmark/sarteco_synth_v1/small/tight_delivery/I009,/home/fran/Descargas/sarteco-planner-main/results/sarteco_synth_v1/small/tight_delivery/I009,,INFEASIBLE,,35,25,100
small/tight_delivery/I010,small,tight_delivery,1029,10,300,2,ok,1.03306,/home/fran/Descargas/sarteco-planner-main/data/benchmark/sarteco_synth_v1/small/tight_delivery/I010,/home/fran/Descargas/sarteco-planner-main/results/sarteco_synth_v1/small/tight_delivery/I010,,INFEASIBLE,,34,24,96
small/tight_delivery/I011,small,tight_delivery,1030,10,300,2,ok,1.05866,/home/fran/Descargas/sarteco-planner-main/data/benchmark/sarteco_synth_v1/small/tight_delivery/I011,/home/fran/Descargas/sarteco-planner-main/results/sarteco_synth_v1/small/tight_delivery/I011,,INFEASIBLE,,35,24,96
small/tight_delivery/I012,small,tight_delivery,1031,10,300,2,ok,1.286388,/home/fran/Descargas/sarteco-planner-main/data/benchmark/sarteco_synth_v1/small/tight_delivery/I012,/home/fran/Descargas/sarteco-planner-main/results/sarteco_synth_v1/small/tight_delivery/I012,,INFEASIBLE,,32,29,116
small/tight_delivery/I013,small,tight_delivery,1032,10,300,2,ok,1.130555,/home/fran/Descargas/sarteco-planner-main/data/benchmark/sarteco_synth_v1/small/tight_delivery/I013,/home/fran/Descargas/sarteco-planner-main/results/sarteco_synth_v1/small/tight_delivery/I013,,INFEASIBLE,,33,26,104
small/tight_delivery/I014,small,tight_delivery,1033,10,300,2,ok,0.717221,/home/fran/Descargas/sarteco-planner-main/data/benchmark/sarteco_synth_v1/small/tight_delivery/I014,/home/fran/Descargas/sarteco-planner-main/results/sarteco_synth_v1/small/tight_delivery/I014,,INFEASIBLE,,35,18,72
small/tight_delivery/I015,small,tight_delivery,1034,10,300,2,ok,1.166736,/home/fran/Descargas/sarteco-planner-main/data/benchmark/sarteco_synth_v1/small/tight_delivery/I015,/home/fran/Descargas/sarteco-planner-main/results/sarteco_synth_v1/small/tight_delivery/I015,,INFEASIBLE,,35,26,104
small/tight_delivery/I016,small,tight_delivery,1035,10,300,2,ok,1.138383,/home/fran/Descargas/sarteco-planner-main/data/benchmark/sarteco_synth_v1/small/tight_delivery/I016,/home/fran/Descargas/sarteco-planner-main/results/sarteco_synth_v1/small/tight_delivery/I016,,INFEASIBLE,,34,26,104
small/tight_delivery/I017,small,tight_delivery,1036,10,300,2,ok,1.555839,/home/fran/Descargas/sarteco-planner-main/data/benchmark/sarteco_synth_v1/small/tight_delivery/I017,/home/fran/Descargas/sarteco-planner-main/results/sarteco_synth_v1/small/tight_delivery/I017,,INFEASIBLE,,35,32,128
small/tight_delivery/I018,small,tight_delivery,1037,10,300,2,ok,0.812887,/home/fran/Descargas/sarteco-planner-main/data/benchmark/sarteco_synth_v1/small/tight_delivery/I018,/home/fran/Descargas/sarteco-planner-main/results/sarteco_synth_v1/small/tight_delivery/I018,,INFEASIBLE,,30,21,84
small/tight_delivery/I019,small,tight_delivery,1038,10,300,2,ok,1.22035,/home/fran/Descargas/sarteco-planner-main/data/benchmark/sarteco_synth_v1/small/tight_delivery/I019,/home/fran/Descargas/sarteco-planner-main/results/sarteco_synth_v1/small/tight_delivery/I019,,INFEASIBLE,,32,28,112
small/tight_delivery/I020,small,tight_delivery,1039,10,300,2,ok,0.892029,/home/fran/Descargas/sarteco-planner-main/data/benchmark/sarteco_synth_v1/small/tight_delivery/I020,/home/fran/Descargas/sarteco-planner-main/results/sarteco_synth_v1/small/tight_delivery/I020,,INFEASIBLE,,35,21,84
small/tight_storage/I001,small,tight_storage,1040,10,300,2,ok,11.154409,/home/fran/Descargas/sarteco-planner-main/data/benchmark/sarteco_synth_v1/small/tight_storage/I001,/home/fran/Descargas/sarteco-planner-main/results/sarteco_synth_v1/small/tight_storage/I001,,OPTIMAL,150.0,57,29,116
small/tight_storage/I002,small,tight_storage,1041,10,300,2,ok,9.926847,/home/fran/Descargas/sarteco-planner-main/data/benchmark/sarteco_synth_v1/small/tight_storage/I002,/home/fran/Descargas/sarteco-planner-main/results/sarteco_synth_v1/small/tight_storage/I002,,INFEASIBLE,,59,30,120
small/tight_storage/I003,small,tight_storage,1042,10,300,2,ok,8.632315,/home/fran/Descargas/sarteco-planner-main/data/benchmark/sarteco_synth_v1/small/tight_storage/I003,/home/fran/Descargas/sarteco-planner-main/results/sarteco_synth_v1/small/tight_storage/I003,,OPTIMAL,143.0,60,27,108
small/tight_storage/I004,small,tight_storage,1043,10,300,2,ok,41.508453,/home/fran/Descargas/sarteco-planner-main/data/benchmark/sarteco_synth_v1/small/tight_storage/I004,/home/fran/Descargas/sarteco-planner-main/results/sarteco_synth_v1/small/tight_storage/I004,,OPTIMAL,157.0,59,30,120
small/tight_storage/I005,small,tight_storage,1044,10,300,2,ok,4.281447,/home/fran/Descargas/sarteco-planner-main/data/benchmark/sarteco_synth_v1/small/tight_storage/I005,/home/fran/Descargas/sarteco-planner-main/results/sarteco_synth_v1/small/tight_storage/I005,,OPTIMAL,102.0,56,20,80
small/tight_storage/I006,small,tight_storage,1045,10,300,2,ok,7.820388,/home/fran/Descargas/sarteco-planner-main/data/benchmark/sarteco_synth_v1/small/tight_storage/I006,/home/fran/Descargas/sarteco-planner-main/results/sarteco_synth_v1/small/tight_storage/I006,,OPTIMAL,139.0,60,27,108
small/tight_storage/I007,small,tight_storage,1046,10,300,2,ok,9.116145,/home/fran/Descargas/sarteco-planner-main/data/benchmark/sarteco_synth_v1/small/tight_storage/I007,/home/fran/Descargas/sarteco-planner-main/results/sarteco_synth_v1/small/tight_storage/I007,,OPTIMAL,148.0,56,29,116
small/tight_storage/I008,small,tight_storage,1047,10,300,2,ok,6.403912,/home/fran/Descargas/sarteco-planner-main/data/benchmark/sarteco_synth_v1/small/tight_storage/I008,/home/fran/Descargas/sarteco-planner-main/results/sarteco_synth_v1/small/tight_storage/I008,,OPTIMAL,121.0,60,24,96
small/tight_storage/I009,small,tight_storage,1048,10,300,2,ok,5.890234,/home/fran/Descargas/sarteco-planner-main/data/benchmark/sarteco_synth_v1/small/tight_storage/I009,/home/fran/Descargas/sarteco-planner-main/results/sarteco_synth_v1/small/tight_storage/I009,,OPTIMAL,113.0,60,22,88
small/tight_storage/I010,small,tight_storage,1049,10,300,2,ok,6.894487,/home/fran/Descargas/sarteco-planner-main/data/benchmark/sarteco_synth_v1/small/tight_storage/I010,/home/fran/Descargas/sarteco-planner-main/results/sarteco_synth_v1/small/tight_storage/I010,,OPTIMAL,112.0,59,22,88
small/tight_storage/I011,small,tight_storage,1050,10,300,2,ok,8.009082,/home/fran/Descargas/sarteco-planner-main/data/benchmark/sarteco_synth_v1/small/tight_storage/I011,/home/fran/Descargas/sarteco-planner-main/results/sarteco_synth_v1/small/tight_storage/I011,,OPTIMAL,134.0,60,26,104
small/tight_storage/I012,small,tight_storage,1051,10,300,2,ok,5.140742,/home/fran/Descargas/sarteco-planner-main/data/benchmark/sarteco_synth_v1/small/tight_storage/I012,/home/fran/Descargas/sarteco-planner-main/results/sarteco_synth_v1/small/tight_storage/I012,,OPTIMAL,113.0,58,22,88
small/tight_storage/I013,small,tight_storage,1052,10,300,2,ok,9.064257,/home/fran/Descargas/sarteco-planner-main/data/benchmark/sarteco_synth_v1/small/tight_storage/I013,/home/fran/Descargas/sarteco-planner-main/results/sarteco_synth_v1/small/tight_storage/I013,,INFEASIBLE,,60,25,100
small/tight_storage/I014,small,tight_storage,1053,10,300,2,ok,4.430391,/home/fran/Descargas/sarteco-planner-main/data/benchmark/sarteco_synth_v1/small/tight_storage/I014,/home/fran/Descargas/sarteco-planner-main/results/sarteco_synth_v1/small/tight_storage/I014,,OPTIMAL,91.0,60,18,72
small/tight_storage/I015,small,tight_storage,1054,10,300,2,ok,7.719103,/home/fran/Descargas/sarteco-planner-main/data/benchmark/sarteco_synth_v1/small/tight_storage/I015,/home/fran/Descargas/sarteco-planner-main/results/sarteco_synth_v1/small/tight_storage/I015,,OPTIMAL,139.0,57,26,104
small/tight_storage/I016,small,tight_storage,1055,10,300,2,ok,115.257564,/home/fran/Descargas/sarteco-planner-main/data/benchmark/sarteco_synth_v1/small/tight_storage/I016,/home/fran/Descargas/sarteco-planner-main/results/sarteco_synth_v1/small/tight_storage/I016,,INFEASIBLE,,58,25,100
small/tight_storage/I017,small,tight_storage,1056,10,300,2,ok,27.621694,/home/fran/Descargas/sarteco-planner-main/data/benchmark/sarteco_synth_v1/small/tight_storage/I017,/home/fran/Descargas/sarteco-planner-main/results/sarteco_synth_v1/small/tight_storage/I017,,INFEASIBLE,,59,34,136
small/tight_storage/I018,small,tight_storage,1057,10,300,2,ok,7.350046,/home/fran/Descargas/sarteco-planner-main/data/benchmark/sarteco_synth_v1/small/tight_storage/I018,/home/fran/Descargas/sarteco-planner-main/results/sarteco_synth_v1/small/tight_storage/I018,,OPTIMAL,134.0,59,26,104
small/tight_storage/I019,small,tight_storage,1058,10,300,2,ok,8.014548,/home/fran/Descargas/sarteco-planner-main/data/benchmark/sarteco_synth_v1/small/tight_storage/I019,/home/fran/Descargas/sarteco-planner-main/results/sarteco_synth_v1/small/tight_storage/I019,,OPTIMAL,141.0,58,27,108
small/tight_storage/I020,small,tight_storage,1059,10,300,2,ok,5.61923,/home/fran/Descargas/sarteco-planner-main/data/benchmark/sarteco_synth_v1/small/tight_storage/I020,/home/fran/Descargas/sarteco-planner-main/results/sarteco_synth_v1/small/tight_storage/I020,,OPTIMAL,120.0,57,23,92
